Div,Date,HomeTeam,AwayTeam,FTHG,FTAG,FTR,HTHG,HTAG,HTR,HS,AS,HST,AST,HF,AF,HC,AC,HY,AY,HR,AR,B365H,B365D,B365A,BWH,BWD,BWA,IWH,IWD,IWA,LBH,LBD,LBA,PSH,PSD,PSA,WHH,WHD,WHA,VCH,VCD,VCA,Bb1X2,BbMxH,BbAvH,BbMxD,BbAvD,BbMxA,BbAvA,BbOU,BbMx>2.5,BbAv>2.5,BbMx<2.5,BbAv<2.5,BbAH,BbAHh,BbMxAHH,BbAvAHH,BbMxAHA,BbAvAHA,PSCH,PSCD,PSCA
D1,18/08/17,Bayern Munich,Leverkusen,3,1,H,2,0,H,13,19,8,4,13,17,4,5,1,2,0,0,1.25,6,12,1.22,6.25,13.5,1.3,6,8.5,1.22,6,13,1.26,6.75,12.3,1.25,6,11,1.25,6.5,12,34,1.3,1.25,6.89,6.24,13.5,11.47,26,1.44,1.41,3.09,2.88,17,-2,2.26,2.18,1.77,1.72,1.28,6.7,11.3
D1,19/08/17,Hamburg,Augsburg,1,0,H,1,0,H,11,13,5,1,18,16,3,7,4,3,0,0,2.1,3.4,3.6,2.15,3.3,3.6,2.1,3.4,3.5,2.15,3.2,3.5,2.19,3.35,3.7,2.2,3.2,3.4,2.15,3.3,3.7,35,2.2,2.14,3.4,3.28,3.75,3.54,32,2.25,2.18,1.72,1.68,18,-0.25,1.88,1.84,2.07,2.03,2.32,3.32,3.47
D1,19/08/17,Hertha,Stuttgart,2,0,H,0,0,D,10,9,3,2,18,12,5,1,2,1,0,0,2,3.4,3.9,2.05,3.5,3.6,2,3.4,3.8,2.05,3.4,3.5,2.07,3.58,3.82,2.1,3.4,3.5,2.1,3.5,3.6,35,2.12,2.05,3.59,3.43,3.9,3.65,33,2,1.94,1.93,1.87,18,-0.5,2.09,2.05,1.87,1.83,2.02,3.6,4.07
D1,19/08/17,Hoffenheim,Werder Bremen,1,0,H,0,0,D,14,11,3,2,17,15,6,4,1,3,0,0,1.75,4,4.33,1.75,4,4.4,1.8,3.7,4.3,1.75,4,4.2,1.81,4.12,4.38,1.83,3.75,4,1.8,4.1,4.2,35,1.85,1.79,4.15,3.92,4.4,4.22,27,1.56,1.52,2.6,2.5,16,-0.75,2.04,1.98,1.91,1.88,1.85,4.19,4.12
D1,19/08/17,Mainz,Hannover,0,1,A,0,0,D,14,6,6,2,18,14,13,1,3,5,0,0,2,3.4,4,2,3.4,3.9,2.1,3.4,3.5,2,3.3,4,1.99,3.53,4.2,2,3.25,4,2,3.5,3.9,35,2.1,1.99,3.53,3.4,4.21,3.92,32,2.16,2.06,1.83,1.76,16,-0.5,2.01,1.97,1.93,1.89,1.85,3.75,4.65
D1,19/08/17,Schalke 04,RB Leipzig,2,0,H,1,0,H,11,12,5,3,22,18,4,5,2,2,0,0,2.8,3.4,2.5,2.8,3.3,2.55,2.6,3.3,2.7,2.75,3.3,2.5,2.91,3.43,2.57,2.75,3.25,2.6,2.8,3.4,2.55,35,2.91,2.78,3.5,3.34,2.7,2.54,34,1.94,1.88,2,1.92,16,0,2.08,2.01,1.89,1.85,2.85,3.48,2.62
D1,19/08/17,Wolfsburg,Dortmund,0,3,A,0,2,A,9,13,0,5,7,15,3,5,0,0,0,0,3.8,4,1.85,4.1,3.9,1.83,4.1,3.7,1.85,3.9,3.8,1.83,4.24,4.12,1.83,4,3.75,1.83,4,4,1.85,35,4.25,4.03,4.12,3.89,1.88,1.83,30,1.57,1.54,2.61,2.46,15,0.75,1.85,1.81,2.13,2.06,4.07,3.81,1.95
D1,20/08/17,Freiburg,Ein Frankfurt,0,0,D,0,0,D,7,15,1,2,8,17,3,7,1,2,0,0,2.45,3.25,3,2.5,3.2,3,2.4,3.4,2.9,2.5,3.1,2.9,2.56,3.3,3.02,2.5,3.2,2.9,2.5,3.3,3,35,2.56,2.48,3.4,3.22,3.05,2.93,33,2.25,2.15,1.78,1.7,15,0,1.82,1.78,2.18,2.1,2.94,3.17,2.74
D1,20/08/17,M'gladbach,FC Koln,1,0,H,0,0,D,22,13,8,2,12,11,5,3,3,2,0,0,1.91,3.5,4.1,1.95,3.5,3.9,2.1,3.4,3.5,1.91,3.4,3.9,1.94,3.65,4.32,1.95,3.5,3.8,1.95,3.6,4,34,2.1,1.94,3.75,3.47,4.32,3.96,33,1.96,1.91,1.98,1.91,16,-0.5,1.97,1.93,1.98,1.93,1.8,3.85,4.89
D1,25/08/17,FC Koln,Hamburg,1,3,A,0,2,A,20,12,6,4,9,9,6,7,2,2,0,1,1.95,3.4,4,2,3.3,4.1,1.9,3.5,4.1,1.95,3.2,3.8,2.03,3.52,4.12,2,3.25,4,2.05,3.4,4,34,2.06,2,3.52,3.38,4.22,3.97,33,2.13,2.06,1.81,1.76,16,-0.5,2.03,1.99,1.93,1.88,2.04,3.47,4.11
D1,26/08/17,Augsburg,M'gladbach,2,2,D,1,2,A,24,15,9,3,13,12,10,0,2,2,0,0,3.25,3.4,2.25,3.3,3.3,2.25,3.15,3.3,2.3,3.25,3.1,2.2,3.46,3.44,2.27,3.3,3.2,2.25,3.3,3.4,2.25,33,3.46,3.28,3.44,3.29,2.31,2.25,32,2.14,2.08,1.79,1.75,13,0.25,1.98,1.94,1.97,1.93,3.46,3.44,2.27
D1,26/08/17,Dortmund,Hertha,2,0,H,1,0,H,18,7,8,4,12,9,4,4,1,1,0,0,1.36,5,7.5,1.36,5,8.75,1.35,5.3,8,1.36,4.75,8,1.38,5.35,9.23,1.4,4.5,8,1.4,5,8,33,1.4,1.37,5.45,5.06,9.23,8.1,29,1.56,1.53,2.64,2.49,14,-1.25,1.84,1.8,2.12,2.07,1.41,5.24,8.4
D1,26/08/17,Ein Frankfurt,Wolfsburg,0,1,A,0,1,A,12,7,6,3,18,19,7,2,3,1,0,0,2.3,3.25,3.3,2.3,3.3,3.2,2.3,3.3,3.15,2.2,3.1,3.2,2.29,3.45,3.4,2.3,3.2,3.2,2.3,3.3,3.4,33,2.35,2.27,3.45,3.29,3.4,3.25,32,2.2,2.12,1.79,1.72,13,-0.25,1.97,1.94,1.98,1.94,2.23,3.35,3.65
D1,26/08/17,Leverkusen,Hoffenheim,2,2,D,1,0,H,16,6,3,4,16,11,6,1,2,2,0,0,2.05,3.6,3.6,2.05,3.6,3.5,2.2,3.4,3.25,2,3.5,3.3,2.08,3.87,3.55,2.1,3.4,3.4,2.1,3.6,3.4,31,2.2,2.06,3.87,3.62,3.6,3.44,29,1.64,1.6,2.43,2.34,15,-0.25,1.83,1.78,2.17,2.1,1.97,4.06,3.75
D1,26/08/17,Stuttgart,Mainz,1,0,H,0,0,D,17,13,4,6,12,18,5,6,2,1,0,0,2.3,3.4,3.1,2.3,3.4,3.1,2.3,3.3,3.15,2.2,3.3,3,2.32,3.56,3.25,2.3,3.2,3.2,2.3,3.4,3.13,33,2.4,2.29,3.56,3.38,3.25,3.1,31,1.84,1.8,2.11,2.01,14,-0.25,2.01,1.97,1.94,1.9,2.47,3.56,2.99
D1,26/08/17,Werder Bremen,Bayern Munich,0,2,A,0,0,D,4,19,1,8,9,10,2,8,1,1,0,0,11,6.5,1.25,11,7,1.22,9,6.5,1.27,12,5.8,1.22,13.18,6.83,1.25,12,5.5,1.25,12,6.5,1.25,34,13.18,11.29,7.15,6.47,1.27,1.24,27,1.43,1.37,3.25,3.02,15,2,1.8,1.76,2.22,2.12,13.11,7.11,1.25
D1,27/08/17,Hannover,Schalke 04,1,0,H,0,0,D,11,8,3,1,17,17,2,6,1,2,0,0,3.3,3.4,2.2,3.3,3.6,2.15,3.25,3.4,2.2,3.2,3.3,2.15,3.44,3.53,2.24,3.3,3.3,2.2,3.25,3.5,2.25,33,3.48,3.27,3.6,3.44,2.25,2.2,31,1.93,1.86,2,1.95,14,0.25,1.99,1.95,1.95,1.92,3.11,3.39,2.47
D1,27/08/17,RB Leipzig,Freiburg,4,1,H,0,1,A,29,7,11,2,11,13,8,2,2,0,0,1,1.36,5,8.5,1.35,5,9,1.45,4.5,7,1.33,4.75,9,1.36,5.25,10.44,1.36,4.8,8.5,1.36,5,10,34,1.45,1.35,5.25,4.96,10.44,9.07,32,1.74,1.69,2.25,2.16,15,-1.5,2.08,2.02,1.9,1.86,1.38,5.17,9.82
D1,08/09/17,Hamburg,RB Leipzig,0,2,A,0,0,D,9,19,2,4,14,11,4,14,1,1,0,0,4,3.6,1.91,4,3.6,1.91,4.1,3.5,1.9,3.7,3.5,1.95,3.88,3.76,2.01,3.8,3.5,1.95,3.8,3.7,2,32,4.1,3.84,3.76,3.59,2.05,1.96,31,1.92,1.86,2.04,1.96,15,0.5,1.95,1.9,2.03,1.97,4.26,3.98,1.87
D1,09/09/17,Augsburg,FC Koln,3,0,H,2,0,H,10,13,4,3,15,13,6,9,0,0,0,0,2.38,3.3,3.1,2.45,3.4,2.9,2.5,3.2,2.95,2.35,3.1,3.1,2.36,3.41,3.3,2.4,3.25,3,2.45,3.3,3.13,31,2.5,2.39,3.41,3.27,3.3,3.08,29,2.26,2.15,1.77,1.7,15,-0.25,2.08,2.03,1.88,1.84,2.25,3.47,3.49
D1,09/09/17,Freiburg,Dortmund,0,0,D,0,0,D,5,27,2,3,10,11,0,7,0,0,1,0,7.5,5,1.4,7.5,5,1.4,6.5,4.2,1.5,7.5,4.6,1.4,7.81,4.99,1.45,7,5,1.4,7.5,5,1.44,32,8,7.26,5.17,4.85,1.5,1.42,28,1.63,1.59,2.44,2.35,15,1,2.4,2.31,1.68,1.65,9.97,5.95,1.33
D1,09/09/17,Hoffenheim,Bayern Munich,2,0,H,1,0,H,6,23,3,6,15,9,2,4,3,1,0,0,7,4.5,1.45,6.75,4.75,1.44,7,4.5,1.45,6.5,4.6,1.44,6.87,4.94,1.49,7,4.5,1.44,6.25,5,1.45,32,7.19,6.51,5.15,4.73,1.53,1.46,24,1.49,1.44,3,2.74,14,1.25,1.95,1.86,2.08,2.01,6.95,5.04,1.47
D1,09/09/17,Mainz,Leverkusen,3,1,H,1,1,D,14,13,5,2,16,15,1,3,2,2,0,0,3,3.4,2.38,2.95,3.4,2.4,2.65,3.3,2.65,2.87,3.4,2.35,3,3.55,2.44,2.88,3.4,2.4,2.9,3.5,2.45,32,3,2.91,3.55,3.44,2.65,2.4,30,1.83,1.77,2.12,2.05,15,0.25,1.85,1.81,2.12,2.07,3.51,3.68,2.16
D1,09/09/17,M'gladbach,Ein Frankfurt,0,1,A,0,1,A,15,12,3,6,17,17,13,5,3,2,0,0,1.83,3.6,4.5,1.85,3.6,4.25,1.85,3.5,4.3,1.85,3.5,4.2,1.9,3.75,4.4,1.85,3.5,4.33,1.87,3.7,4.33,32,1.91,1.86,3.75,3.59,4.52,4.26,31,2,1.92,1.97,1.88,16,-0.5,1.9,1.86,2.06,2.02,1.98,3.61,4.19
D1,09/09/17,Wolfsburg,Hannover,1,1,D,0,0,D,17,7,6,2,13,20,3,1,0,1,0,0,1.83,3.6,4.5,1.85,3.5,4.4,2,3.4,3.8,1.83,3.5,4.4,1.84,3.69,4.86,1.85,3.5,4.33,1.85,3.6,4.6,32,2,1.85,3.69,3.54,4.86,4.4,31,2.09,2.02,1.86,1.8,15,-0.5,1.87,1.84,2.08,2.04,1.86,3.73,4.64
D1,10/09/17,Hertha,Werder Bremen,1,1,D,1,0,H,8,10,4,5,9,12,5,7,1,0,0,0,1.91,3.6,4,1.95,3.5,4,2,3.4,3.8,1.95,3.4,3.75,2.04,3.62,3.96,1.95,3.5,3.8,2,3.6,3.8,32,2.05,1.98,3.62,3.49,4,3.84,31,1.93,1.87,2.01,1.94,14,-0.5,2.04,1.99,1.92,1.88,2.15,3.51,3.7
D1,10/09/17,Schalke 04,Stuttgart,3,1,H,1,1,D,12,11,4,2,15,19,2,1,1,1,0,0,1.7,3.75,5,1.75,3.8,4.75,1.8,3.6,4.5,1.7,3.75,4.75,1.72,3.98,5.27,1.7,3.75,4.8,1.75,3.9,4.75,32,1.8,1.72,4,3.82,5.27,4.78,30,1.86,1.77,2.1,2.05,14,-0.75,1.99,1.94,1.98,1.93,1.79,3.84,5
D1,15/09/17,Hannover,Hamburg,2,0,H,0,0,D,17,12,4,3,17,16,4,7,1,0,0,0,1.95,3.5,4,1.95,3.5,4,2.2,3.3,3.35,2.1,3.2,3.6,2,3.51,4.22,2,3.4,3.8,2,3.5,4,35,2.2,1.97,3.58,3.45,4.22,3.96,33,2.15,2.07,1.82,1.76,17,-0.5,2.01,1.97,1.95,1.9,1.96,3.63,4.24
D1,16/09/17,Bayern Munich,Mainz,4,0,H,2,0,H,28,11,14,4,9,5,10,5,2,2,0,0,1.13,10,19,1.12,9.5,18.5,1.15,7.5,18,1.14,8,21,1.17,8.92,18.75,1.12,8,21,1.17,8.5,17,34,1.18,1.15,10,8.49,21,17.51,25,1.38,1.33,3.5,3.25,15,-2.25,2.05,1.99,1.9,1.87,1.17,8.59,19.37
D1,16/09/17,Ein Frankfurt,Augsburg,1,2,A,0,1,A,23,11,8,3,13,13,4,4,2,3,0,0,1.85,3.5,4.5,1.87,3.4,4.5,1.85,3.5,4.3,1.87,3.3,4.5,1.88,3.59,4.77,1.85,3.4,4.33,1.87,3.5,4.6,35,1.91,1.86,3.59,3.43,4.77,4.49,33,2.33,2.25,1.68,1.64,17,-0.5,1.9,1.86,2.05,2.01,1.91,3.55,4.63
D1,16/09/17,RB Leipzig,M'gladbach,2,2,D,2,1,H,10,10,3,3,13,12,3,2,1,1,1,0,1.67,3.8,5.5,1.65,4.1,5,1.7,3.7,5,1.67,3.9,5,1.7,4.08,5.36,1.67,3.8,5,1.7,4.1,4.8,35,1.71,1.67,4.2,3.97,5.5,4.99,33,1.73,1.67,2.26,2.19,15,-0.75,1.92,1.87,2.03,1.99,1.73,4.19,4.91
D1,16/09/17,Stuttgart,Wolfsburg,1,0,H,1,0,H,8,8,4,1,14,19,2,3,2,3,0,0,2.3,3.5,3,2.45,3.5,2.8,2.4,3.3,2.95,2.37,3.3,2.9,2.49,3.46,3.03,2.4,3.3,2.9,2.4,3.5,3,35,2.5,2.41,3.5,3.37,3.05,2.95,34,1.97,1.89,1.97,1.91,17,-0.25,2.13,2.07,1.85,1.81,2.25,3.61,3.35
D1,16/09/17,Werder Bremen,Schalke 04,1,2,A,1,1,D,16,11,2,4,15,17,6,5,2,2,0,0,2.8,3.5,2.5,2.7,3.4,2.6,2.7,3.3,2.6,2.62,3.3,2.6,2.81,3.51,2.63,2.62,3.3,2.62,2.75,3.5,2.6,35,2.81,2.71,3.57,3.4,2.75,2.58,33,1.87,1.8,2.06,2.01,16,0,2.04,1.98,1.91,1.87,2.85,3.46,2.63
D1,17/09/17,Dortmund,FC Koln,5,0,H,2,0,H,22,6,8,2,11,12,8,5,0,3,0,0,1.22,6,13,1.26,5.75,12,1.27,6.5,9,1.25,6,13,1.26,6.77,12.92,1.25,5.5,12,1.25,6.5,12,33,1.29,1.25,7,6.13,13.55,11.83,25,1.47,1.43,3,2.77,15,-1.75,1.92,1.87,2.05,1.98,1.34,6.05,9.41
D1,17/09/17,Hoffenheim,Hertha,1,1,D,1,0,H,8,9,2,4,15,20,5,2,2,2,0,0,1.67,3.8,5.5,1.72,3.9,4.75,1.75,3.6,4.8,1.7,3.75,4.75,1.74,3.99,5.19,1.7,3.75,4.8,1.73,3.9,4.8,35,1.75,1.71,4,3.82,5.5,4.89,33,1.84,1.77,2.13,2.04,15,-0.75,1.96,1.92,1.98,1.94,1.78,3.84,5.06
D1,17/09/17,Leverkusen,Freiburg,4,0,H,3,0,H,22,4,9,1,4,13,5,4,0,2,0,0,1.45,4.5,7,1.45,4.6,7,1.55,4,6.2,1.44,4.5,6.5,1.49,4.75,7.21,1.44,4.5,7,1.45,4.6,6.5,35,1.55,1.46,4.8,4.55,7.4,6.85,31,1.62,1.56,2.54,2.4,15,-1.25,2.06,2.02,1.87,1.84,1.39,5.36,8.68
D1,19/09/17,Augsburg,RB Leipzig,1,0,H,1,0,H,11,14,4,3,15,17,3,2,2,2,0,0,3.5,3.5,2.1,3.5,3.5,2.1,3.3,3.35,2.2,3.4,3.4,2.1,3.68,3.56,2.14,3.6,3.4,2.05,3.5,3.5,2.15,34,3.68,3.49,3.6,3.46,2.2,2.11,35,1.94,1.89,1.98,1.91,16,0.25,2.1,2.04,1.87,1.81,3.2,3.62,2.32
D1,19/09/17,M'gladbach,Stuttgart,2,0,H,0,0,D,9,11,3,4,9,8,4,1,0,1,0,0,1.7,3.8,5,1.65,3.9,5.25,1.7,3.7,5,1.67,3.9,4.8,1.68,4.18,5.22,1.67,4,4.75,1.7,4,5,34,1.73,1.68,4.18,3.95,5.25,4.95,34,1.7,1.64,2.35,2.24,17,-1,2.23,2.15,1.78,1.73,1.71,4.17,5.12
D1,19/09/17,Schalke 04,Bayern Munich,0,3,A,0,2,A,11,12,4,8,13,11,2,6,1,1,0,0,7,4.75,1.44,6.75,4.75,1.45,7,4.5,1.45,6.5,4.5,1.44,7.31,4.89,1.47,7,4.5,1.44,7,4.8,1.45,34,7.4,6.88,5.05,4.74,1.5,1.44,31,1.62,1.56,2.48,2.39,16,1.25,1.93,1.88,2.03,1.97,6.13,4.36,1.59
D1,19/09/17,Wolfsburg,Werder Bremen,1,1,D,1,0,H,13,11,4,4,10,18,3,4,1,2,0,0,2.05,3.5,3.6,2,3.6,3.7,2.1,3.4,3.5,2,3.4,3.6,2.07,3.62,3.85,2,3.5,3.6,2.1,3.5,3.7,34,2.11,2.04,3.62,3.49,3.85,3.65,35,1.98,1.89,1.98,1.9,17,-0.5,2.11,2.05,1.86,1.83,1.94,3.77,4.17
D1,20/09/17,FC Koln,Ein Frankfurt,0,1,A,0,1,A,17,8,8,4,20,20,4,5,2,1,0,0,2.88,3.1,2.63,2.75,3.2,2.65,2.6,3.3,2.7,2.87,3.1,2.6,2.95,3.24,2.68,2.8,3.1,2.62,2.88,3.2,2.63,36,2.95,2.83,3.3,3.15,2.7,2.62,34,2.4,2.26,1.69,1.63,14,0.25,1.73,1.69,2.29,2.23,2.97,3.33,2.61
D1,20/09/17,Freiburg,Hannover,1,1,D,0,0,D,23,14,5,3,17,19,5,3,2,4,0,0,2.8,3.25,2.6,2.7,3.2,2.7,2.6,3.3,2.7,2.8,3.1,2.55,2.92,3.28,2.68,2.62,3.25,2.7,2.88,3.3,2.6,36,2.93,2.79,3.31,3.21,2.75,2.62,34,2.21,2.12,1.77,1.72,14,0.25,1.74,1.69,2.28,2.22,3.01,3.31,2.6
D1,20/09/17,Hamburg,Dortmund,0,3,A,0,1,A,6,17,2,7,15,14,4,3,3,0,0,0,7,4.75,1.44,7.25,5,1.4,6.5,4.2,1.5,6.5,4.6,1.44,7.08,4.96,1.48,7,4.5,1.44,7,4.8,1.45,36,7.5,6.91,5,4.74,1.5,1.44,32,1.59,1.53,2.55,2.46,16,1,2.29,2.23,1.71,1.68,8.57,5.69,1.37
D1,20/09/17,Hertha,Leverkusen,2,1,H,2,0,H,5,12,3,5,12,25,3,6,1,2,0,0,3.3,3.4,2.2,3.2,3.4,2.25,2.95,3.3,2.4,3.2,3.4,2.15,3.45,3.57,2.22,3.1,3.4,2.25,3.3,3.5,2.2,36,3.46,3.22,3.55,3.41,2.4,2.23,35,1.9,1.84,2.02,1.96,15,0.25,2.03,1.95,1.95,1.9,3.22,3.57,2.33
D1,20/09/17,Mainz,Hoffenheim,2,3,A,2,2,D,20,18,6,6,9,13,5,11,3,3,0,0,2.7,3.4,2.6,2.65,3.5,2.6,2.85,3.3,2.5,2.62,3.4,2.55,2.73,3.69,2.61,2.62,3.4,2.6,2.63,3.6,2.6,35,2.85,2.67,3.69,3.46,2.65,2.57,33,1.77,1.7,2.25,2.14,14,0.25,1.73,1.69,2.29,2.23,2.57,3.56,2.85
D1,22/09/17,Bayern Munich,Wolfsburg,2,2,D,2,0,H,19,8,3,3,9,11,7,3,1,2,0,0,1.14,8.5,19,1.14,9,17,1.15,7.5,18,1.12,8.5,21,1.14,10.65,22.14,1.12,8.5,17,1.13,9.5,23,37,1.15,1.13,10.65,9.14,26,19.97,29,1.36,1.31,3.65,3.41,19,-2.5,2.02,1.98,1.94,1.88,1.13,11.05,20.88
D1,23/09/17,Dortmund,M'gladbach,6,1,H,3,0,H,18,8,9,5,2,6,7,0,0,1,0,0,1.44,4.75,7,1.42,4.75,7.25,1.45,4.5,7,1.4,4.8,7,1.44,5.3,7.33,1.44,4.5,7,1.44,5,7,37,1.45,1.42,5.3,4.96,7.33,6.87,29,1.43,1.39,3.2,2.95,18,-1,1.67,1.63,2.43,2.33,1.4,5.5,8.05
D1,23/09/17,Hoffenheim,Schalke 04,2,0,H,1,0,H,12,17,6,3,16,15,0,5,3,2,0,0,2.2,3.5,3.25,2.2,3.5,3.2,2.2,3.35,3.3,2.2,3.4,3.1,2.21,3.64,3.4,2.2,3.25,3.25,2.2,3.6,3.25,37,2.27,2.21,3.64,3.47,3.4,3.21,34,1.81,1.76,2.16,2.07,19,-0.25,1.95,1.91,2.01,1.96,2.1,3.66,3.69
D1,23/09/17,Mainz,Hertha,1,0,H,0,0,D,8,4,3,1,22,22,4,1,3,3,0,1,2.2,3.3,3.4,2.2,3.3,3.4,2.5,3.3,2.85,2.2,3.1,3.4,2.26,3.36,3.58,2.2,3.2,3.4,2.25,3.3,3.4,37,2.5,2.19,3.4,3.26,3.6,3.46,35,2.29,2.21,1.71,1.66,18,-0.25,1.95,1.9,2,1.96,2.24,3.33,3.66
D1,23/09/17,RB Leipzig,Ein Frankfurt,2,1,H,1,0,H,17,9,5,3,9,16,2,4,1,2,0,0,1.7,3.8,5,1.65,4,5.25,1.65,3.8,5.3,1.7,3.75,4.8,1.72,3.98,5.3,1.7,3.75,5,1.73,3.8,5,37,1.74,1.69,4,3.83,5.5,5.04,35,1.9,1.81,2.08,2,18,-0.75,1.95,1.91,1.99,1.95,1.81,3.69,5.12
D1,23/09/17,Stuttgart,Augsburg,0,0,D,0,0,D,15,9,2,2,7,14,5,3,1,2,0,0,2.1,3.4,3.6,2.1,3.5,3.5,2.3,3.3,3.15,2.1,3.4,3.4,2.15,3.48,3.73,2.1,3.3,3.5,2.1,3.5,3.6,37,2.3,2.11,3.6,3.44,3.73,3.49,35,2.02,1.92,1.95,1.88,19,-0.25,1.86,1.82,2.11,2.05,2.2,3.46,3.61
D1,23/09/17,Werder Bremen,Freiburg,0,0,D,0,0,D,17,13,6,6,15,9,4,5,2,1,0,0,1.7,4,4.75,1.72,3.9,4.75,1.75,3.8,4.5,1.73,3.8,4.4,1.79,4.07,4.61,1.73,3.8,4.5,1.75,4,4.6,37,1.79,1.74,4.1,3.94,4.75,4.51,34,1.68,1.62,2.38,2.27,18,-0.75,2.02,1.94,1.96,1.92,1.79,4.02,4.71
D1,24/09/17,Hannover,FC Koln,0,0,D,0,0,D,14,6,1,1,17,17,6,7,4,2,0,0,1.95,3.6,3.8,1.95,3.5,4,2.1,3.4,3.5,1.95,3.3,4,2.01,3.54,4.16,2,3.3,3.8,2,3.5,3.9,36,2.1,1.97,3.6,3.42,4.16,3.95,33,2.23,2.12,1.78,1.72,18,-0.5,2.03,1.98,1.93,1.89,2.08,3.57,3.85
D1,24/09/17,Leverkusen,Hamburg,3,0,H,2,0,H,17,12,6,2,17,18,6,3,2,2,0,0,1.36,5,8.5,1.4,4.75,8,1.45,4.5,7,1.4,4.8,7.5,1.42,5.19,8.03,1.4,4.5,8,1.4,5,8,37,1.45,1.39,5.25,4.96,8.5,7.83,32,1.57,1.52,2.62,2.5,17,-1.25,1.89,1.83,2.08,2.03,1.41,5.3,8.25
D1,29/09/17,Schalke 04,Leverkusen,1,1,D,1,0,H,14,10,5,6,19,16,7,4,2,3,0,0,2.3,3.4,3.1,2.4,3.4,2.95,2.4,3.3,2.95,2.37,3.4,2.75,2.45,3.6,2.99,2.5,3.6,2.62,2.45,3.5,2.9,38,2.51,2.42,3.6,3.42,3.1,2.87,34,1.78,1.71,2.21,2.12,16,0,1.81,1.77,2.17,2.1,2.79,3.53,2.65
D1,30/09/17,Augsburg,Dortmund,1,2,A,1,2,A,10,14,5,8,23,12,5,5,4,1,0,0,7.5,4.5,1.44,7.25,4.6,1.4,7,4.5,1.45,6.5,4.4,1.4,6.8,4.73,1.51,6.5,4.75,1.44,6.5,4.5,1.5,37,7.5,6.68,4.75,4.45,1.51,1.47,32,1.64,1.59,2.5,2.33,17,1,2.17,2.1,1.81,1.76,5.65,4.39,1.64
D1,30/09/17,Ein Frankfurt,Stuttgart,2,1,H,1,0,H,10,13,6,5,10,17,3,6,1,1,1,0,1.95,3.5,4,1.87,3.6,3.9,2,3.4,3.8,1.95,3.4,3.9,1.96,3.62,4.26,1.91,3.5,4,1.95,3.6,4,38,2,1.93,3.7,3.47,4.3,4.01,34,2.08,2.01,1.91,1.8,16,-0.5,1.99,1.94,1.95,1.92,2.14,3.42,3.85
D1,30/09/17,Hamburg,Werder Bremen,0,0,D,0,0,D,17,8,6,3,13,27,6,7,1,3,0,0,2.7,3.2,2.75,2.5,3.4,2.65,2.6,3.3,2.7,2.6,3.3,2.62,2.72,3.45,2.76,2.7,3.3,2.6,2.7,3.4,2.7,38,2.75,2.64,3.5,3.32,2.76,2.65,34,1.93,1.87,2.01,1.93,16,0,1.96,1.91,1.99,1.93,2.61,3.39,2.92
D1,30/09/17,M'gladbach,Hannover,2,1,H,0,0,D,23,15,8,2,12,13,8,7,1,1,0,0,1.73,3.6,5.25,1.72,3.7,4.6,1.7,3.7,5,1.73,3.75,4.6,1.75,4,5.06,1.75,3.8,4.4,1.75,3.8,4.8,38,1.76,1.72,4,3.77,5.25,4.77,33,1.78,1.73,2.19,2.1,17,-1,2.36,2.25,1.72,1.67,1.7,4.1,5.3
D1,30/09/17,Wolfsburg,Mainz,1,1,D,0,0,D,6,10,2,3,7,13,5,6,4,4,1,0,2.1,3.4,3.6,2,3.4,3.6,2,3.4,3.8,2.05,3.25,3.6,2.11,3.49,3.87,2,3.4,3.8,2.15,3.4,3.6,36,2.15,2.07,3.5,3.36,3.87,3.61,31,2.1,2.04,1.83,1.77,16,-0.5,2.14,2.08,1.83,1.79,2.23,3.41,3.59
D1,01/10/17,FC Koln,RB Leipzig,1,2,A,0,1,A,16,23,6,10,9,13,9,7,0,2,0,0,3.8,3.5,2,3.6,3.4,2,3.5,3.4,2.1,3.6,3.5,2,3.84,3.65,2.04,3.4,3.6,2.05,3.7,3.6,2.05,37,3.85,3.67,3.65,3.49,2.1,2,34,1.88,1.82,2.05,1.99,16,0.5,1.91,1.86,2.05,2,3.84,3.44,2.13
D1,01/10/17,Freiburg,Hoffenheim,3,2,H,2,1,H,15,15,6,6,13,17,9,7,2,3,0,0,3.6,3.5,2.05,3.5,3.5,2,3.8,3.4,2,3.4,3.5,2.05,3.56,3.73,2.11,3.5,3.6,2,3.5,3.6,2.1,36,3.8,3.5,3.75,3.56,2.11,2.04,32,1.79,1.73,2.21,2.09,16,0.5,1.85,1.81,2.12,2.05,3.28,3.63,2.27
D1,01/10/17,Hertha,Bayern Munich,2,2,D,0,1,A,10,15,5,5,14,11,1,9,0,2,0,0,8.5,5,1.36,8.75,4.75,1.34,7,4.5,1.45,8.5,4.6,1.36,9.1,5.09,1.4,8.5,4.75,1.36,8.5,4.8,1.4,37,9.5,8.43,5.09,4.74,1.45,1.38,34,1.75,1.68,2.25,2.16,16,1.25,2.03,1.98,1.92,1.88,12.57,6.37,1.28
D1,13/10/17,Stuttgart,FC Koln,2,1,H,1,0,H,22,17,7,3,12,13,5,4,2,3,0,0,1.83,3.6,4.33,1.9,3.6,4.1,2.1,3.4,3.5,1.85,3.4,4.33,1.9,3.66,4.52,1.91,3.5,4,1.87,3.7,4.33,34,2.2,1.88,3.75,3.55,4.55,4.22,30,2.12,2.02,1.87,1.79,19,-0.5,1.91,1.87,2.05,2,1.88,3.69,4.61
D1,14/10/17,Bayern Munich,Freiburg,5,0,H,2,0,H,22,6,10,2,5,7,9,1,0,0,0,0,1.08,13,21,1.07,12.5,26,1.12,9,20,1.08,11,34,1.1,14.43,24.5,1.07,12,23,1.07,13,34,33,1.12,1.08,15.5,11.91,34,25.54,26,1.24,1.21,4.6,4.18,17,-2.75,1.91,1.86,2.05,2,1.09,14,36
D1,14/10/17,Dortmund,RB Leipzig,2,3,A,1,2,A,15,7,8,6,16,19,3,2,2,5,1,1,1.5,4.5,6.5,1.5,4.5,6.25,1.6,4,5.5,1.5,4.4,5.75,1.55,4.67,6.26,1.5,4.5,6,1.53,4.6,5.75,33,1.6,1.52,4.75,4.47,6.5,5.9,26,1.5,1.45,2.8,2.68,18,-1,1.91,1.83,2.08,2.02,1.53,4.76,6.31
D1,14/10/17,Hannover,Ein Frankfurt,1,2,A,1,1,D,10,12,2,4,15,16,6,5,3,3,0,0,2.38,3.2,3.1,2.4,3.2,3.1,2.6,3.2,2.8,2.45,3.1,3.1,2.53,3.26,3.15,2.4,3.2,3,2.45,3.25,3.1,32,2.6,2.45,3.3,3.17,3.2,3.05,28,2.42,2.29,1.66,1.61,17,-0.25,2.15,2.09,1.83,1.8,2.72,3.26,2.89
D1,14/10/17,Hertha,Schalke 04,0,2,A,0,0,D,2,10,0,6,12,20,1,5,1,2,1,0,2.5,3.3,2.9,2.65,3.2,2.8,2.65,3.3,2.65,2.55,3.1,2.87,2.68,3.2,2.99,2.6,3.1,2.8,2.6,3.3,2.9,33,2.7,2.59,3.3,3.17,3,2.87,29,2.37,2.22,1.71,1.64,17,-0.25,2.26,2.18,1.76,1.71,2.77,3.2,2.89
D1,14/10/17,Hoffenheim,Augsburg,2,2,D,0,0,D,22,13,7,5,5,11,6,3,1,0,0,0,1.8,3.75,4.5,1.8,3.7,4.5,1.9,3.5,4.1,1.8,3.7,4.25,1.88,3.87,4.37,1.75,3.75,4.5,1.85,3.8,4.33,33,1.9,1.81,3.9,3.73,4.8,4.32,29,1.77,1.7,2.22,2.12,17,-0.5,1.88,1.82,2.12,2.05,1.88,3.8,4.45
D1,14/10/17,Mainz,Hamburg,3,2,H,1,1,D,14,9,4,2,14,17,4,2,1,1,0,0,1.7,3.75,5.25,1.72,3.6,5.25,1.8,3.6,4.5,1.7,3.6,5,1.75,3.83,5.38,1.73,3.6,5,1.75,3.8,5,33,1.8,1.73,3.9,3.69,5.5,4.99,30,2.08,1.99,1.88,1.81,17,-1,2.42,2.33,1.67,1.62,1.83,3.78,4.81
D1,15/10/17,Leverkusen,Wolfsburg,2,2,D,1,1,D,17,11,10,4,16,13,11,2,2,2,0,0,1.53,4.33,6,1.53,4.33,6,1.7,3.7,5,1.57,4.2,5.5,1.6,4.41,5.91,1.53,4.33,5.5,1.57,4.4,5.5,33,1.7,1.56,4.5,4.23,6.3,5.67,29,1.68,1.61,2.35,2.27,18,-1,2.05,1.97,1.95,1.88,1.56,4.65,6.12
D1,15/10/17,Werder Bremen,M'gladbach,0,2,A,0,2,A,18,16,5,8,11,10,5,5,1,0,0,0,2.63,3.5,2.6,2.7,3.5,2.55,2.9,3.4,2.4,2.62,3.5,2.5,2.76,3.69,2.59,2.6,3.4,2.6,2.7,3.6,2.55,33,2.9,2.67,3.75,3.5,2.65,2.53,27,1.67,1.61,2.38,2.27,16,0,2.03,1.97,1.93,1.88,2.81,3.58,2.6
D1,20/10/17,Schalke 04,Mainz,2,0,H,1,0,H,14,4,5,2,17,15,5,1,3,0,0,0,1.8,3.7,4.5,1.78,3.6,4.75,1.8,3.6,4.5,1.8,3.5,4.6,1.82,3.8,4.82,1.8,3.5,4.6,1.8,3.75,4.75,33,1.85,1.79,3.85,3.62,4.85,4.64,32,2.1,1.99,1.88,1.81,15,-0.5,1.82,1.77,2.17,2.11,1.77,3.91,5.02
D1,21/10/17,Augsburg,Hannover,1,2,A,1,0,H,15,11,5,6,11,9,11,2,1,2,0,0,2.04,3.5,3.6,2.05,3.4,3.7,2,3.4,3.8,2,3.3,3.7,2.06,3.53,3.98,2.05,3.2,3.75,2.05,3.5,3.8,35,2.1,2.02,3.6,3.42,4,3.74,31,2.04,1.98,1.9,1.82,19,-0.5,2.06,2.02,1.88,1.85,1.99,3.65,4.08
D1,21/10/17,Ein Frankfurt,Dortmund,2,2,D,0,1,A,14,20,7,7,14,10,4,4,2,3,0,0,5,3.75,1.72,5.25,3.8,1.67,4.7,3.7,1.75,4.75,3.9,1.7,4.97,4.01,1.76,5,3.5,1.73,4.8,3.9,1.75,35,5.25,4.86,4.01,3.8,1.77,1.72,30,1.73,1.68,2.25,2.16,20,1,1.71,1.68,2.37,2.24,3.88,3.77,2.01
D1,21/10/17,Hamburg,Bayern Munich,0,1,A,0,0,D,7,21,3,4,9,9,7,7,1,2,1,0,19,7,1.16,15.5,8,1.16,15,6.5,1.2,19,7.5,1.17,18.45,8.52,1.18,17,7,1.17,18,8,1.17,35,21,17.08,8.53,7.5,1.2,1.17,28,1.43,1.38,3.1,2.93,19,2,2.19,2.11,1.83,1.75,12.25,7.65,1.24
D1,21/10/17,M'gladbach,Leverkusen,1,5,A,1,0,H,19,13,3,6,12,11,4,4,3,0,0,0,2.45,3.39,2.87,2.5,3.4,2.8,2.3,3.3,3.15,2.4,3.6,2.7,2.56,3.78,2.75,2.45,3.6,2.7,2.45,3.75,2.75,34,2.56,2.45,3.78,3.56,3.15,2.75,30,1.57,1.51,2.64,2.5,19,0,1.9,1.83,2.1,2.03,2.93,3.83,2.4
D1,21/10/17,RB Leipzig,Stuttgart,1,0,H,1,0,H,15,11,3,2,10,18,3,5,0,1,0,0,1.53,4,7,1.48,4.5,6.5,1.5,4.2,6.5,1.53,4.2,6,1.54,4.5,6.69,1.53,4,6,1.55,4.4,6.25,35,1.57,1.52,4.55,4.27,7,6.26,30,1.7,1.63,2.35,2.25,21,-1,1.93,1.85,2.05,2,1.44,5.12,7.57
D1,22/10/17,FC Koln,Werder Bremen,0,0,D,0,0,D,18,13,8,2,16,20,3,6,3,3,0,0,2.39,3.29,3,2.35,3.5,2.95,2.5,3.3,2.85,2.4,3.3,2.9,2.49,3.45,3.04,2.4,3.2,3,2.5,3.4,2.9,33,2.55,2.42,3.5,3.34,3.1,2.93,29,1.98,1.91,1.97,1.89,18,-0.25,2.14,2.1,1.82,1.78,2.57,3.52,2.88
D1,22/10/17,Freiburg,Hertha,1,1,D,0,0,D,20,11,8,3,20,15,6,1,4,3,0,0,2.54,3.29,2.79,2.75,3.3,2.6,2.6,3.25,2.75,2.65,3,2.8,2.67,3.25,2.96,2.7,3.1,2.7,2.63,3.3,2.8,35,2.75,2.62,3.3,3.16,2.96,2.81,30,2.42,2.29,1.66,1.61,20,0,1.9,1.85,2.08,2.01,3.06,3.26,2.59
D1,22/10/17,Wolfsburg,Hoffenheim,1,1,D,0,0,D,14,14,6,5,12,24,8,4,1,3,0,0,2.5,3.39,2.79,2.5,3.4,2.8,2.5,3.3,2.85,2.4,3.5,2.75,2.52,3.68,2.85,2.5,3.2,2.8,2.45,3.6,2.8,32,2.55,2.46,3.75,3.48,2.9,2.78,27,1.69,1.65,2.33,2.22,19,0,1.85,1.8,2.13,2.06,2.61,3.62,2.78
D1,27/10/17,Mainz,Ein Frankfurt,1,1,D,0,1,A,7,8,3,3,15,21,5,5,0,2,0,0,2.79,3.2,2.54,2.7,3.4,2.6,2.65,3.25,2.7,2.8,3.25,2.5,2.95,3.41,2.58,2.88,3.2,2.5,2.9,3.4,2.55,34,3,2.83,3.5,3.32,2.7,2.53,31,2.08,1.95,1.94,1.85,20,0,2.11,2.04,1.86,1.82,2.89,3.4,2.63
D1,28/10/17,Bayern Munich,RB Leipzig,2,0,H,2,0,H,23,3,7,1,7,9,11,1,1,0,0,1,1.33,5.5,8.5,1.35,5.5,7.75,1.5,4.5,6,1.33,5.2,8,1.36,5.8,8.77,1.33,5.5,8,1.33,6,8,34,1.5,1.34,6,5.48,8.79,8,26,1.4,1.36,3.25,3.05,18,-1.5,2,1.92,1.98,1.94,1.41,5.37,8.13
D1,28/10/17,Hannover,Dortmund,4,2,H,2,1,H,13,10,7,4,17,9,5,6,2,0,0,1,5.5,4.2,1.57,5.75,4.2,1.57,5.3,3.8,1.65,5,4.2,1.6,5.6,4.57,1.61,5.5,4.5,1.53,5.2,4.5,1.62,34,6,5.39,4.6,4.29,1.65,1.58,26,1.51,1.46,2.76,2.63,20,1,1.95,1.88,2.04,1.97,7.54,5.26,1.43
D1,28/10/17,Hertha,Hamburg,2,1,H,1,0,H,8,12,3,4,14,13,9,11,0,0,0,0,1.9,3.39,4.33,1.85,3.4,4.25,1.9,3.5,4.1,1.91,3.25,4.25,2,3.43,4.38,1.91,3.3,4.33,1.95,3.5,4.2,34,2,1.92,3.5,3.34,4.6,4.23,29,2.31,2.22,1.7,1.65,19,-0.5,2,1.95,1.97,1.92,2.25,3.24,3.74
D1,28/10/17,Hoffenheim,M'gladbach,1,3,A,1,0,H,16,16,5,6,14,13,5,5,2,1,0,0,2.04,3.6,3.5,2.05,3.7,3.4,2.2,3.35,3.3,2.05,3.7,3.25,2.14,3.9,3.37,2.1,3.6,3.3,2.1,3.9,3.3,34,2.2,2.08,3.9,3.68,3.5,3.3,30,1.56,1.53,2.57,2.45,18,-0.25,1.89,1.84,2.08,2.02,2.33,3.85,3.02
D1,28/10/17,Leverkusen,FC Koln,2,1,H,0,1,A,17,9,5,2,14,13,8,10,3,2,0,0,1.33,5.25,9,1.36,5.25,8,1.4,4.8,7.5,1.33,5.2,8.5,1.35,5.84,9.04,1.33,5.5,8,1.36,5.5,8.5,33,1.4,1.35,5.84,5.26,9.25,8.25,25,1.47,1.42,3.15,2.76,18,-1.5,1.98,1.94,1.96,1.92,1.44,5.15,7.49
D1,28/10/17,Schalke 04,Wolfsburg,1,1,D,1,0,H,14,7,7,2,18,12,4,2,0,0,0,0,1.75,3.6,5,1.78,3.7,4.6,1.8,3.6,4.5,1.73,3.6,4.8,1.76,3.81,5.24,1.75,3.6,4.8,1.73,3.8,5,34,1.8,1.74,3.85,3.66,5.3,4.9,30,2.04,1.96,1.91,1.84,17,-0.75,2.01,1.94,1.96,1.92,1.93,3.59,4.49
D1,29/10/17,Stuttgart,Freiburg,3,0,H,2,0,H,18,6,6,0,13,10,6,0,3,0,0,1,1.83,3.5,4.5,1.75,3.75,4.75,1.9,3.5,4.1,1.87,3.6,4,1.92,3.68,4.39,1.85,3.75,4,1.9,3.8,4,33,1.95,1.86,3.8,3.62,4.75,4.24,28,1.87,1.79,2.07,2.01,17,-0.75,2.2,2.1,1.82,1.76,1.88,3.88,4.31
D1,29/10/17,Werder Bremen,Augsburg,0,3,A,0,2,A,16,18,3,6,15,11,7,3,2,0,0,0,2.29,3.29,3.2,2.4,3.5,2.9,2.6,3.25,2.75,2.35,3.3,3,2.47,3.47,3.06,2.38,3.4,2.9,2.4,3.4,3,33,2.6,2.38,3.5,3.34,3.25,2.99,30,1.9,1.84,2.03,1.95,17,-0.25,2.12,2.04,1.87,1.83,2.09,3.59,3.82
D1,03/11/17,Ein Frankfurt,Werder Bremen,2,1,H,1,1,D,16,13,5,7,11,13,7,8,0,0,0,0,1.75,3.75,4.75,1.78,3.75,4.5,1.85,3.5,4.3,1.8,3.6,4.33,1.77,3.91,5.02,1.8,3.6,4.4,1.75,3.8,4.6,35,1.85,1.77,4,3.78,5.05,4.59,31,1.91,1.81,2.12,2,19,-0.75,2.03,1.99,1.92,1.87,1.81,3.99,4.63
D1,04/11/17,Augsburg,Leverkusen,1,1,D,0,0,D,14,11,4,3,13,15,6,3,3,2,0,0,3.5,3.6,2.04,3.5,3.6,2.05,3.3,3.35,2.2,3.25,3.6,2.1,3.37,3.88,2.15,3.3,3.6,2.1,3.3,3.8,2.1,35,3.5,3.32,3.88,3.66,2.2,2.1,30,1.63,1.61,2.4,2.29,19,0.25,2.07,2.03,1.88,1.83,3.38,3.76,2.18
D1,04/11/17,Dortmund,Bayern Munich,1,3,A,0,2,A,15,10,4,5,12,16,4,3,2,2,0,0,3.29,3.79,2.04,3.4,3.8,2.05,3.15,3.5,2.2,3.3,3.75,2,3.4,3.99,2.1,3.5,3.6,2,3.25,4,2.05,35,3.5,3.36,4,3.8,2.2,2.04,27,1.5,1.45,2.86,2.7,18,0.5,1.88,1.84,2.1,2.03,3.75,4.06,1.97
D1,04/11/17,Freiburg,Schalke 04,0,1,A,0,0,D,13,8,2,3,14,12,6,1,1,1,0,0,3.79,3.29,2.04,3.6,3.5,2.05,3.3,3.35,2.2,3.6,3.3,2.05,3.92,3.51,2.08,3.5,3.3,2.1,3.7,3.5,2.1,35,3.95,3.69,3.6,3.39,2.2,2.06,31,2.08,2,1.91,1.81,19,0.5,1.87,1.82,2.09,2.05,4.13,3.6,2
D1,04/11/17,Hamburg,Stuttgart,3,1,H,1,0,H,21,3,12,2,14,10,11,3,2,2,0,1,2.45,3.39,2.87,2.35,3.4,3,2.4,3.3,2.95,2.45,3.2,2.9,2.56,3.36,3.01,2.5,3.2,2.9,2.45,3.4,3,35,2.6,2.47,3.4,3.27,3.05,2.93,31,2.1,2.02,1.85,1.79,19,0,1.8,1.76,2.18,2.11,2.84,3.32,2.72
D1,04/11/17,M'gladbach,Mainz,1,1,D,0,1,A,10,20,3,7,5,14,9,9,1,0,0,0,1.61,4,5.5,1.65,4,5.25,1.65,3.8,5.3,1.61,4,5,1.66,4.2,5.6,1.67,3.8,5,1.65,4.1,5.25,34,1.67,1.64,4.2,3.99,5.66,5.24,29,1.74,1.68,2.28,2.18,19,-1,2.17,2.09,1.82,1.77,1.6,4.39,5.92
D1,04/11/17,RB Leipzig,Hannover,2,1,H,0,0,D,18,12,6,4,11,16,2,3,1,4,0,0,1.44,4.5,7.5,1.45,4.5,7,1.5,4.2,6.5,1.5,4.33,6.5,1.5,4.79,6.9,1.5,4,7,1.5,4.6,6.5,35,1.53,1.48,4.79,4.46,7.5,6.62,31,1.64,1.58,2.5,2.34,20,-1,1.84,1.79,2.12,2.08,1.5,4.77,6.94
D1,05/11/17,FC Koln,Hoffenheim,0,3,A,0,1,A,12,22,4,8,17,14,7,6,0,0,0,0,2.87,3.39,2.45,2.85,3.6,2.35,2.65,3.3,2.65,2.75,3.5,2.4,2.86,3.65,2.52,2.8,3.3,2.5,2.8,3.6,2.45,34,2.95,2.81,3.75,3.48,2.65,2.44,29,1.76,1.7,2.22,2.13,18,0,2.12,2.06,1.85,1.81,2.64,3.62,2.74
D1,05/11/17,Wolfsburg,Hertha,3,3,D,2,1,H,20,10,8,6,14,19,4,2,1,1,0,0,2,3.39,4,2.05,3.4,3.8,2.15,3.3,3.5,2,3.2,3.9,2.05,3.34,4.29,2,3.25,4,2.05,3.4,3.9,35,2.15,2.02,3.4,3.29,4.3,3.94,31,2.35,2.25,1.7,1.63,18,-0.5,2.06,2.01,1.9,1.85,2,3.49,4.29
D1,17/11/17,Stuttgart,Dortmund,2,1,H,1,1,D,9,13,4,7,16,12,5,4,2,0,0,0,4.2,3.89,1.8,4.2,3.9,1.8,4.2,3.6,1.85,4,3.8,1.8,4.3,4.05,1.85,4.2,4,1.75,4.2,4,1.83,35,4.45,4.18,4.35,3.92,1.87,1.81,31,1.63,1.57,2.55,2.37,19,0.75,1.87,1.83,2.09,2.04,4.41,4.15,1.81
D1,18/11/17,Bayern Munich,Augsburg,3,0,H,2,0,H,16,8,6,3,13,16,6,3,0,3,0,0,1.16,8,15,1.14,8.5,18,1.15,8,16,1.15,8,19,1.16,9.1,20.53,1.14,8.5,15,1.15,9,17,35,1.18,1.15,9.5,8.29,24,17.22,26,1.36,1.31,3.6,3.3,19,-2.25,1.99,1.94,1.96,1.92,1.18,8.8,16.8
D1,18/11/17,Hertha,M'gladbach,2,4,A,1,3,A,16,8,8,5,15,12,8,2,2,1,0,0,2.89,3.25,2.5,2.95,3.4,2.4,2.65,3.3,2.65,2.87,3.3,2.4,2.98,3.51,2.5,2.9,3.2,2.5,3,3.4,2.4,35,3,2.89,3.51,3.35,2.65,2.46,31,1.94,1.88,1.98,1.92,19,0,2.17,2.1,1.81,1.77,3.13,3.51,2.4
D1,18/11/17,Hoffenheim,Ein Frankfurt,1,1,D,0,1,A,13,5,6,3,14,19,4,3,0,2,0,0,2.2,3.39,3.39,2.15,3.6,3.25,2.2,3.35,3.3,2.15,3.5,3.2,2.2,3.66,3.42,2.25,3.3,3.2,2.2,3.6,3.25,35,2.25,2.18,3.7,3.53,3.45,3.23,31,1.77,1.7,2.21,2.14,19,-0.25,1.94,1.89,2.02,1.97,2.26,3.68,3.26
D1,18/11/17,Leverkusen,RB Leipzig,2,2,D,1,1,D,13,12,3,3,14,13,2,1,5,2,1,0,2.29,3.5,3,2.25,3.5,3.1,2.4,3.4,2.9,2.25,3.6,2.9,2.32,3.84,3.04,2.3,3.4,3,2.3,3.75,3,35,2.4,2.28,3.84,3.63,3.1,2.98,31,1.56,1.52,2.62,2.47,20,-0.25,2.04,1.98,1.92,1.88,2.43,3.77,2.9
D1,18/11/17,Mainz,FC Koln,1,0,H,1,0,H,12,11,3,0,12,15,0,3,0,2,1,0,2.04,3.39,3.79,2,3.5,3.8,2.1,3.4,3.5,2,3.4,3.75,2.04,3.6,3.96,2.05,3.4,3.6,2.05,3.5,3.9,33,2.1,2.01,3.65,3.46,3.96,3.76,29,2.04,1.97,1.91,1.84,18,-0.25,1.79,1.72,2.23,2.17,1.92,3.69,4.41
D1,18/11/17,Wolfsburg,Freiburg,3,1,H,2,0,H,15,12,7,7,8,8,1,3,1,2,0,0,1.61,3.75,6,1.6,4,5.75,1.65,3.8,5.3,1.61,3.8,5.5,1.65,4.12,5.93,1.62,3.8,5.5,1.65,4,5.5,35,1.67,1.63,4.12,3.91,6,5.56,31,1.89,1.81,2.06,1.99,20,-1,2.17,2.1,1.81,1.77,1.65,4.07,6.03
D1,19/11/17,Schalke 04,Hamburg,2,0,H,1,0,H,12,7,4,1,16,19,7,6,3,3,0,0,1.57,3.79,6.5,1.57,4,6.25,1.55,4,6.2,1.57,3.8,6,1.6,4.09,6.55,1.57,3.8,6,1.6,4,6,35,1.62,1.58,4.2,3.9,6.7,6.18,31,2.05,1.96,1.91,1.84,20,-1,2.12,2.05,1.84,1.81,1.78,3.76,5.23
D1,19/11/17,Werder Bremen,Hannover,4,0,H,1,0,H,16,13,7,7,14,16,3,2,0,1,0,0,2.2,3.39,3.29,2.25,3.3,3.3,2.3,3.3,3.15,2.2,3.5,3.1,2.25,3.64,3.31,2.25,3.3,3.2,2.2,3.6,3.25,35,2.35,2.22,3.65,3.45,3.36,3.19,29,1.8,1.73,2.17,2.09,18,-0.25,1.96,1.92,2,1.94,2.18,3.7,3.44
D1,24/11/17,Hannover,Stuttgart,1,1,D,0,1,A,15,13,4,4,14,16,4,5,1,5,0,0,2.29,3.39,3.1,2.4,3.4,2.95,2.4,3.3,2.95,2.3,3.25,3.1,2.34,3.5,3.25,2.3,3.3,3.1,2.3,3.4,3.25,35,2.4,2.32,3.5,3.35,3.28,3.13,31,2.05,1.95,1.95,1.85,20,-0.25,2.03,1.98,1.95,1.9,2.49,3.41,3.07
D1,25/11/17,Augsburg,Wolfsburg,2,1,H,0,1,A,23,4,8,3,7,12,6,1,1,2,0,1,2.37,3.29,3.1,2.35,3.3,3.1,2.5,3.3,2.85,2.3,3.25,3.1,2.37,3.37,3.33,2.4,3.1,3.1,2.38,3.3,3.2,35,2.5,2.35,3.42,3.27,3.33,3.12,31,2.11,2.03,1.86,1.78,18,-0.25,2.05,2,1.91,1.87,2.18,3.58,3.55
D1,25/11/17,Dortmund,Schalke 04,4,4,D,4,0,H,11,12,6,7,17,19,3,5,5,5,1,0,1.72,4.2,4.33,1.78,4.1,4.1,1.9,3.8,3.8,1.73,3.9,4.33,1.78,4.15,4.62,1.75,4,4.2,1.75,4.2,4.4,35,1.9,1.76,4.2,3.97,4.7,4.35,31,1.63,1.58,2.5,2.37,19,-1,2.39,2.29,1.7,1.66,1.65,4.39,5.34
D1,25/11/17,Ein Frankfurt,Leverkusen,0,1,A,0,0,D,12,13,3,4,18,14,9,2,4,3,0,0,2.62,3.5,2.62,2.65,3.6,2.55,2.65,3.3,2.65,2.62,3.5,2.5,2.71,3.64,2.65,2.7,3.1,2.7,2.7,3.5,2.6,35,2.75,2.66,3.64,3.44,2.7,2.59,29,1.77,1.69,2.27,2.16,19,0,2.01,1.95,1.95,1.91,2.58,3.59,2.82
D1,25/11/17,Freiburg,Mainz,2,1,H,0,0,D,15,17,5,5,16,15,2,5,3,2,0,0,2.75,3.29,2.6,2.7,3.4,2.6,2.65,3.3,2.65,2.75,3.2,2.55,2.81,3.4,2.7,2.7,3.1,2.7,2.8,3.3,2.63,34,2.85,2.75,3.4,3.26,2.75,2.63,29,2.06,2.01,1.86,1.8,19,0,2.03,1.98,1.93,1.88,2.16,3.51,3.66
D1,25/11/17,M'gladbach,Bayern Munich,2,1,H,2,0,H,6,21,2,7,12,9,2,5,1,1,0,0,5.75,4.75,1.5,5.75,4.5,1.53,6,4.2,1.55,5.5,4.5,1.53,6,4.61,1.57,5,4.6,1.55,5.4,4.8,1.55,35,6.05,5.64,5,4.57,1.57,1.53,27,1.43,1.38,3.5,2.99,20,1,2.06,2.03,1.91,1.84,5.25,4.43,1.65
D1,25/11/17,RB Leipzig,Werder Bremen,2,0,H,1,0,H,14,9,6,3,9,10,8,8,0,1,0,0,1.5,4.33,6.5,1.5,4.6,6,1.5,4.2,6.5,1.5,4.4,6,1.51,4.87,6.57,1.5,4.4,6,1.5,4.8,6,35,1.53,1.49,4.87,4.55,6.6,6.16,30,1.52,1.48,2.73,2.62,20,-1,1.84,1.8,2.13,2.08,1.46,4.95,7.39
D1,26/11/17,FC Koln,Hertha,0,2,A,0,1,A,15,10,2,7,15,8,3,4,2,0,0,0,2.5,3.2,3,2.5,3.2,2.95,2.4,3.2,3.05,2.5,3.1,2.9,2.66,3.24,2.99,2.5,3.1,2.9,2.55,3.3,2.9,35,2.66,2.52,3.3,3.18,3.05,2.93,30,2.31,2.21,1.71,1.66,19,-0.25,2.25,2.14,1.8,1.75,3.27,3.37,2.39
D1,26/11/17,Hamburg,Hoffenheim,3,0,H,1,0,H,18,13,7,2,16,23,7,8,0,3,0,0,2.79,3.39,2.5,2.85,3.4,2.45,2.85,3.3,2.5,2.8,3.4,2.4,2.98,3.56,2.48,2.88,3.6,2.3,2.8,3.5,2.5,34,3,2.85,3.6,3.41,2.57,2.45,28,1.8,1.74,2.2,2.09,19,0,2.17,2.09,1.84,1.78,2.59,3.5,2.88
D1,01/12/17,Freiburg,Hamburg,0,0,D,0,0,D,20,10,2,3,13,19,7,5,2,3,0,0,2.5,3.25,2.89,2.5,3.2,2.95,2.5,3.2,2.95,2.45,3.1,2.9,2.53,3.31,3.1,2.45,3.25,2.9,2.5,3.25,3,34,2.55,2.48,3.35,3.21,3.15,2.98,30,2.2,2.11,1.82,1.72,19,-0.25,2.2,2.12,1.81,1.77,2.75,3.25,2.87
D1,02/12/17,Bayern Munich,Hannover,3,1,H,1,1,D,29,8,12,4,12,8,9,3,2,2,0,0,1.14,9,17,1.14,8,21,1.15,7.5,18,1.14,8,17,1.15,10.1,19.62,1.12,8.5,19,1.13,9,20,33,1.16,1.14,10.1,8.44,21,17.98,26,1.31,1.29,3.75,3.49,18,-2.5,2.11,2.06,1.85,1.81,1.11,12.3,28
D1,02/12/17,Hoffenheim,RB Leipzig,4,0,H,1,0,H,10,11,8,5,14,10,0,7,2,0,0,0,3.29,3.6,2.1,3.1,3.6,2.2,3.15,3.3,2.3,3.1,3.6,2.15,3.31,3.74,2.22,3.2,3.4,2.2,3.2,3.7,2.2,34,3.4,3.2,3.75,3.57,2.3,2.18,27,1.66,1.59,1.6,1.52,18,0.25,2.02,1.97,2.45,2.32,3.47,3.87,2.11
D1,02/12/17,Leverkusen,Dortmund,1,1,D,1,0,H,15,9,9,3,8,19,7,4,1,3,1,0,2.25,3.6,3,2.35,3.7,2.85,2.4,3.5,2.85,2.25,3.7,2.87,2.33,3.9,2.99,2.3,3.75,2.8,2.3,3.75,2.9,34,2.4,2.3,3.9,3.67,3.1,2.91,26,1.49,1.45,1.76,1.69,19,-0.25,2.04,2,1.9,1.87,2.25,4.08,3.02
D1,02/12/17,Mainz,Augsburg,1,3,A,0,2,A,16,10,5,4,17,13,4,3,4,1,0,0,2.6,3.25,2.79,2.45,3.4,2.85,2.4,3.2,3.05,2.55,3.25,2.75,2.69,3.44,2.8,2.5,3.1,2.9,2.55,3.4,2.8,34,2.7,2.56,3.44,3.26,3.05,2.81,31,2.05,1.98,1.89,1.82,19,0,1.93,1.86,2.05,2,3.17,3.27,2.51
D1,02/12/17,Schalke 04,FC Koln,2,2,D,1,0,H,23,7,10,4,14,18,7,4,0,2,0,1,1.44,4.33,8,1.42,4.5,8.25,1.45,4.5,7,1.4,4.4,8,1.43,4.78,8.86,1.44,4.33,7,1.44,4.6,8,33,1.45,1.42,4.78,4.47,8.86,7.98,29,1.88,1.81,2.09,2,19,-1,1.71,1.68,2.31,2.25,1.47,4.84,7.57
D1,02/12/17,Werder Bremen,Stuttgart,1,0,H,1,0,H,15,12,6,4,13,17,5,8,2,1,0,0,2.29,3.39,3.1,2.3,3.4,3.1,2.3,3.3,3.15,2.3,3.5,3,2.36,3.64,3.11,2.38,3.1,3.1,2.3,3.6,3,34,2.4,2.32,3.64,3.42,3.2,3.04,30,1.77,1.72,2.2,2.12,18,-0.25,2.05,2,1.9,1.87,2.24,3.71,3.3
D1,03/12/17,Hertha,Ein Frankfurt,1,2,A,1,1,D,15,7,5,5,15,13,4,2,1,3,0,0,2.7,3.25,2.7,2.75,3.4,2.55,2.65,3.3,2.65,2.7,3.1,2.7,2.79,3.28,2.81,2.7,3.1,2.7,2.7,3.3,2.75,34,2.8,2.7,3.4,3.2,2.85,2.7,30,2.23,2.14,1.74,1.69,20,0,1.97,1.93,1.99,1.93,2.55,3.15,3.23
D1,03/12/17,Wolfsburg,M'gladbach,3,0,H,2,0,H,13,16,6,9,7,15,6,5,0,2,0,0,2.62,3.39,2.62,2.6,3.5,2.65,2.65,3.3,2.65,2.5,3.5,2.62,2.62,3.65,2.74,2.62,3.2,2.7,2.55,3.6,2.7,34,2.65,2.57,3.65,3.46,2.8,2.66,31,1.73,1.66,2.29,2.2,19,0,1.94,1.9,2.02,1.96,2.49,3.65,2.91
D1,08/12/17,Stuttgart,Leverkusen,0,2,A,0,1,A,9,18,5,4,12,12,8,5,1,1,0,0,3.2,3.5,2.25,3.25,3.5,2.2,3.15,3.3,2.3,3,3.4,2.25,3.17,3.63,2.33,3.2,3.6,2.15,3.1,3.6,2.3,37,3.3,3.14,3.7,3.51,2.36,2.26,31,1.78,1.72,2.2,2.12,23,0.25,1.93,1.88,2.03,1.97,3.15,3.56,2.37
D1,09/12/17,Dortmund,Werder Bremen,1,2,A,0,1,A,11,9,5,4,8,6,4,2,0,0,0,0,1.39,5.25,7,1.42,5.25,6.5,1.45,4.8,6.5,1.4,5,6.5,1.43,5.54,7.27,1.36,5.5,7,1.4,5.5,6.5,37,1.45,1.41,5.54,5.2,7.5,6.73,30,1.37,1.33,3.5,3.24,22,-1.25,1.89,1.85,2.07,2.01,1.38,5.75,8.2
D1,09/12/17,Ein Frankfurt,Bayern Munich,0,1,A,0,1,A,12,6,3,1,16,12,5,5,2,3,0,0,7,4.75,1.44,7,4.75,1.44,6.2,4,1.55,7,4.5,1.44,7.19,4.98,1.47,6,4.4,1.5,7,4.8,1.45,37,7.5,6.83,4.98,4.68,1.55,1.45,27,1.62,1.56,1.61,1.55,23,1,2.25,2.19,2.5,2.4,7.5,4.87,1.47
D1,09/12/17,Hamburg,Wolfsburg,0,0,D,0,0,D,12,3,3,0,15,12,6,2,2,2,0,0,2.5,3.29,2.87,2.5,3.3,2.85,2.6,3.3,2.7,2.5,3.25,2.75,2.61,3.42,2.9,2.45,3.4,2.8,2.55,3.4,2.8,37,2.65,2.54,3.45,3.3,2.95,2.83,31,2.02,1.95,1.93,1.86,22,-0.25,2.24,2.17,1.76,1.72,2.75,3.28,2.84
D1,09/12/17,M'gladbach,Schalke 04,1,1,D,1,0,H,13,13,5,6,12,7,8,10,1,2,0,0,2.25,3.39,3.2,2.2,3.5,3.25,2.3,3.3,3.15,2.2,3.4,3.1,2.3,3.62,3.25,2.05,3.6,3.4,2.25,3.6,3.13,37,2.35,2.24,3.65,3.49,3.4,3.19,30,1.83,1.77,2.12,2.04,22,-0.25,1.99,1.93,1.98,1.93,2.39,3.43,3.22
D1,09/12/17,RB Leipzig,Mainz,2,2,D,2,1,H,12,13,7,9,16,17,6,4,2,3,0,0,1.39,4.75,8,1.4,5,7.5,1.45,4.4,7.2,1.4,4.6,7.5,1.41,5.02,8.76,1.4,4.75,7.5,1.4,5,8,36,1.45,1.4,5.02,4.78,8.88,7.96,27,1.67,1.61,2.38,2.3,22,-1.25,1.95,1.9,2.02,1.96,1.56,4.3,6.87
D1,10/12/17,Augsburg,Hertha,1,1,D,0,0,D,15,8,3,4,11,9,11,3,2,2,0,0,1.95,3.29,4,1.9,3.6,4.1,1.9,3.4,4.3,1.95,3.3,4,1.98,3.49,4.37,1.91,3.4,4.2,1.95,3.4,4.3,37,2,1.94,3.6,3.41,4.37,4.16,30,2.19,2.11,1.81,1.72,21,-0.75,2.34,2.22,1.73,1.69,2.2,3.39,3.7
D1,10/12/17,FC Koln,Freiburg,3,4,A,3,1,H,6,25,3,11,20,14,4,9,3,3,0,0,2.25,3.25,3.2,2.2,3.4,3.3,2.3,3.15,3.3,2.25,3.25,3.2,2.33,3.39,3.37,2.15,3.5,3.25,2.3,3.4,3.25,37,2.35,2.26,3.5,3.35,3.4,3.25,32,2.09,1.98,1.91,1.83,22,-0.25,2.05,1.95,1.96,1.91,2.47,3.34,3.17
D1,10/12/17,Hannover,Hoffenheim,2,0,H,0,0,D,12,9,3,5,12,15,2,1,2,5,0,0,2.7,3.39,2.5,2.8,3.4,2.5,2.65,3.3,2.65,2.75,3.5,2.4,2.89,3.64,2.51,2.62,3.4,2.6,2.8,3.6,2.45,36,2.94,2.8,3.64,3.45,2.65,2.49,29,1.77,1.71,2.22,2.13,22,0.25,1.8,1.75,2.17,2.11,3.72,3.77,2.06
D1,12/12/17,Freiburg,M'gladbach,1,0,H,1,0,H,24,5,5,3,7,12,5,3,0,2,0,0,3.39,3.39,2.14,3.4,3.6,2.1,3.5,3.4,2.1,3.25,3.5,2.1,3.45,3.7,2.17,3.4,3.4,2.1,3.3,3.6,2.2,37,3.55,3.37,3.7,3.52,2.23,2.14,31,1.8,1.73,2.17,2.1,23,0.25,2.05,1.99,1.9,1.86,2.84,3.43,2.65
D1,12/12/17,Hamburg,Ein Frankfurt,1,2,A,1,2,A,21,10,6,6,6,26,9,3,0,4,0,0,2.6,3.2,2.79,2.65,3.25,2.75,2.65,3.3,2.65,2.62,3,2.8,2.76,3.18,2.91,2.62,3.1,2.8,2.63,3.25,2.88,37,2.76,2.66,3.3,3.15,2.95,2.84,33,2.45,2.32,1.65,1.61,23,-0.25,2.33,2.24,1.73,1.68,2.34,3.29,3.48
D1,12/12/17,Mainz,Dortmund,0,2,A,0,0,D,13,15,0,6,14,6,2,6,0,0,0,0,5,4,1.61,5,4.1,1.65,4.7,3.7,1.75,4.8,4,1.61,5.24,4.3,1.68,4.8,4,1.67,5,4.2,1.67,37,5.33,4.97,4.33,4.07,1.75,1.67,28,1.63,1.59,2.45,2.35,23,0.75,2.09,2.03,1.88,1.83,5.42,4.32,1.65
D1,12/12/17,Wolfsburg,RB Leipzig,1,1,D,1,0,H,13,14,5,5,8,16,6,9,2,4,0,1,3,3.6,2.29,3,3.4,2.35,2.85,3.3,2.5,3,3.4,2.3,3.1,3.53,2.42,3,3.4,2.3,3,3.5,2.4,37,3.16,3.01,3.6,3.45,2.5,2.35,32,1.88,1.81,2.08,2,22,0.25,1.86,1.82,2.09,2.04,2.84,3.62,2.55
D1,13/12/17,Bayern Munich,FC Koln,1,0,H,0,0,D,26,7,8,1,7,12,13,1,0,0,0,0,1.08,12,26,1.08,11.5,26,1.1,9,27,1.08,12,26,1.09,14.26,33.36,1.08,11,26,1.06,13,23,36,1.1,1.08,14.3,11.64,43.75,29.03,28,1.28,1.24,4.33,3.83,22,-2.75,1.88,1.83,2.07,2.03,1.07,14.5,41
D1,13/12/17,Hertha,Hannover,3,1,H,2,0,H,15,20,9,6,10,12,5,8,2,3,0,0,2,3.29,4,1.95,3.5,3.9,2.1,3.4,3.5,1.95,3.3,4,2,3.54,4.23,2,3.3,3.8,2,3.4,4,37,2.1,1.98,3.55,3.4,4.25,3.99,30,2.14,2.05,1.83,1.77,21,-0.25,1.75,1.68,2.33,2.23,1.97,3.48,4.45
D1,13/12/17,Hoffenheim,Stuttgart,1,0,H,0,0,D,11,9,3,3,12,15,0,3,1,1,0,0,1.9,3.6,4,1.83,3.7,4.25,1.9,3.5,4.1,1.85,3.6,4,1.91,3.84,4.23,1.83,3.5,4.33,1.9,3.8,4,37,1.95,1.88,3.85,3.66,4.4,4.11,30,1.8,1.72,2.18,2.12,21,-0.75,2.2,2.12,1.8,1.75,2.02,3.55,4.1
D1,13/12/17,Leverkusen,Werder Bremen,1,0,H,1,0,H,15,6,7,2,10,24,5,1,0,3,0,0,1.44,4.75,7,1.48,4.5,6.5,1.55,4,6.2,1.44,4.6,6.5,1.48,5.03,6.86,1.44,4.5,7,1.5,4.8,6.5,37,1.55,1.47,5.03,4.62,7.18,6.59,29,1.49,1.44,2.9,2.71,23,-1,1.77,1.71,2.25,2.16,1.61,4.11,6.47
D1,13/12/17,Schalke 04,Augsburg,3,2,H,1,0,H,8,15,5,7,11,17,2,3,3,2,0,0,1.83,3.6,4.5,1.83,3.6,4.5,1.9,3.5,4.1,1.85,3.5,4.2,1.91,3.65,4.49,1.8,3.5,4.5,1.9,3.6,4.3,37,1.93,1.86,3.75,3.57,4.6,4.37,32,2.03,1.96,1.92,1.84,22,-0.75,2.23,2.11,1.81,1.76,2.08,3.46,3.99
D1,15/12/17,M'gladbach,Hamburg,3,1,H,1,0,H,13,8,5,3,7,16,9,4,0,3,0,0,1.8,3.6,4.5,1.8,3.75,4.33,1.8,3.6,4.5,1.8,3.6,4.33,1.82,3.83,4.76,1.8,3.6,4.5,1.83,3.8,4.4,34,1.87,1.81,3.9,3.69,4.8,4.51,32,1.85,1.78,2.24,2.04,20,-0.75,2.09,2.04,1.87,1.84,1.99,3.66,4.08
D1,16/12/17,Augsburg,Freiburg,3,3,D,1,1,D,17,9,8,6,6,14,11,4,1,3,0,0,1.75,3.6,5,1.75,3.75,4.75,1.75,3.7,4.7,1.75,3.6,4.6,1.78,3.83,5.05,1.8,3.5,4.5,1.8,3.75,4.6,34,1.8,1.76,3.9,3.69,5.06,4.77,33,1.9,1.84,2.04,1.97,19,-0.75,2.04,1.99,1.91,1.88,1.81,3.87,4.77
D1,16/12/17,Dortmund,Hoffenheim,2,1,H,0,1,A,18,12,3,5,7,13,6,4,0,0,0,0,1.5,4.33,6.5,1.48,4.75,6,1.45,4.5,7,1.5,4.5,6,1.51,4.92,6.4,1.5,4.33,6,1.5,4.8,6,33,1.53,1.49,4.92,4.56,7,6.08,27,1.47,1.42,3,2.79,20,-1,1.82,1.78,2.14,2.08,1.7,4.28,5
D1,16/12/17,Ein Frankfurt,Schalke 04,2,2,D,1,0,H,6,15,2,5,21,20,4,6,4,2,0,0,2.5,3.1,3.1,2.55,3.25,2.85,2.65,3.3,2.65,2.5,3.1,2.9,2.56,3.28,3.08,2.62,3.1,2.8,2.55,3.2,3,34,2.65,2.52,3.3,3.17,3.1,2.95,32,2.25,2.17,1.73,1.68,19,-0.25,2.21,2.15,1.79,1.75,2.94,3.31,2.65
D1,16/12/17,FC Koln,Wolfsburg,1,0,H,0,0,D,18,8,7,5,8,13,5,4,2,1,0,0,3.6,3.5,2.04,3.6,3.5,2.05,3.8,3.4,2,3.5,3.3,2.1,3.73,3.48,2.15,3.5,3.3,2.1,3.5,3.5,2.15,34,3.8,3.56,3.5,3.39,2.2,2.11,33,2.05,1.98,1.91,1.83,19,0.25,2.08,2.03,1.89,1.84,3.59,3.52,2.19
D1,16/12/17,Stuttgart,Bayern Munich,0,1,A,0,0,D,10,17,4,7,18,14,9,7,2,2,0,0,10,5,1.33,9.75,5,1.34,8,5.3,1.35,9.5,5,1.33,10.3,5.5,1.35,9,5,1.33,9.5,5.5,1.33,34,10.5,9.45,5.5,5.15,1.38,1.33,29,1.63,1.58,2.46,2.36,20,1.5,1.95,1.91,2.01,1.95,8.89,5.18,1.4
D1,16/12/17,Werder Bremen,Mainz,2,2,D,2,0,H,14,9,7,3,13,22,8,5,2,3,0,0,1.95,3.5,4,1.91,3.6,4,2,3.4,3.8,1.91,3.5,3.9,1.95,3.69,4.22,1.95,3.4,4,2,3.6,3.9,33,2,1.94,3.69,3.51,4.22,3.99,32,1.93,1.87,2.02,1.95,18,-0.75,2.29,2.23,1.72,1.69,2.03,3.61,3.98
D1,17/12/17,Hannover,Leverkusen,4,4,D,3,2,H,18,20,7,10,9,16,6,5,0,1,0,0,4.33,3.79,1.8,4.33,3.6,1.85,3.5,3.4,2.1,4,3.75,1.83,4.48,3.99,1.83,4,3.6,1.85,4.1,3.8,1.87,34,4.48,4.12,3.99,3.74,2.1,1.85,32,1.69,1.65,2.36,2.24,18,0.75,1.85,1.81,2.14,2.06,4.75,4.06,1.78
D1,17/12/17,RB Leipzig,Hertha,2,3,A,0,2,A,22,7,7,5,13,11,6,1,1,3,0,1,1.57,3.79,6,1.57,4.33,5.5,1.6,4,5.5,1.57,3.9,5.75,1.6,4.24,6.24,1.57,4,5.5,1.62,4,5.75,34,1.65,1.59,4.33,3.97,6.24,5.76,33,1.87,1.81,2.07,2,20,-1,2.08,2.03,1.87,1.83,1.6,4.1,6.62
D1,12/01/18,Leverkusen,Bayern Munich,1,3,A,0,1,A,12,16,1,6,11,11,6,6,2,2,0,0,4.2,3.79,1.83,4,3.9,1.85,3.7,3.6,2,3.7,3.75,1.87,4.04,3.88,1.94,4,3.75,1.85,3.8,3.8,1.8,35,4.2,3.9,3.9,3.77,2,1.89,32,1.61,1.54,2.62,2.46,19,0.5,2.02,1.96,1.94,1.9,4.17,3.82,1.93
D1,13/01/18,Augsburg,Hamburg,1,0,H,1,0,H,15,9,5,6,5,12,6,4,1,1,0,0,1.95,3.39,4.2,1.95,3.4,4.1,2,3.4,3.8,1.91,3.4,4.2,1.94,3.6,4.42,1.95,3.4,4,1.91,3.6,4.2,36,2,1.91,3.62,3.48,4.5,4.17,36,2.08,2,1.86,1.81,19,-0.5,1.95,1.91,2,1.96,1.78,3.69,5.2
D1,13/01/18,Ein Frankfurt,Freiburg,1,1,D,1,0,H,15,2,4,1,14,18,9,2,0,0,0,0,1.85,3.5,4.5,1.83,3.6,4.4,1.8,3.6,4.5,1.83,3.5,4.33,1.85,3.73,4.73,1.83,3.4,4.5,1.9,3.6,4.4,35,1.9,1.84,3.73,3.56,4.75,4.39,35,2,1.94,1.94,1.87,19,-0.75,2.17,2.09,1.84,1.78,2.07,3.46,3.94
D1,13/01/18,Hannover,Mainz,3,2,H,2,2,D,25,11,9,5,13,16,8,8,0,2,0,0,2.2,3.39,3.29,2.15,3.4,3.4,2.25,3.3,3.25,2.15,3.4,3.25,2.25,3.57,3.39,2.25,3.3,3.2,2.25,3.5,3.3,34,2.27,2.2,3.57,3.41,3.5,3.3,34,1.89,1.83,2.07,1.98,19,-0.25,1.95,1.91,1.99,1.95,2.38,3.46,3.17
D1,13/01/18,RB Leipzig,Schalke 04,3,1,H,1,0,H,15,10,9,6,16,19,4,4,2,2,0,0,2.1,3.39,3.6,2.1,3.4,3.6,2,3.4,3.8,2.1,3.4,3.3,2.18,3.59,3.54,2.2,3.2,3.4,2.15,3.6,3.4,35,2.2,2.14,3.6,3.45,3.8,3.43,35,1.91,1.85,2.02,1.96,20,-0.25,1.89,1.85,2.07,2.02,2.41,3.34,3.21
D1,13/01/18,Stuttgart,Hertha,1,0,H,0,0,D,7,10,2,1,8,9,4,4,1,0,0,0,2.14,3.29,3.6,2.15,3.3,3.6,2.3,3.3,3.15,2.1,3.2,3.6,2.14,3.44,3.81,2.2,3.2,3.4,2.15,3.4,3.6,35,2.3,2.14,3.44,3.29,3.81,3.6,34,2.18,2.1,1.78,1.73,21,-0.25,1.87,1.82,2.09,2.05,2,3.52,4.14
D1,13/01/18,Werder Bremen,Hoffenheim,1,1,D,0,1,A,16,11,3,2,14,18,6,8,1,3,0,0,2.6,3.39,2.75,2.55,3.6,2.65,2.6,3.25,2.75,2.5,3.5,2.65,2.55,3.66,2.82,2.62,3.3,2.62,2.55,3.6,2.75,34,2.67,2.56,3.66,3.46,2.83,2.7,33,1.74,1.69,2.26,2.16,18,-0.25,2.28,2.2,1.75,1.7,2.59,3.5,2.84
D1,14/01/18,Dortmund,Wolfsburg,0,0,D,0,0,D,19,10,1,4,10,11,6,7,1,1,0,0,1.39,5,7.5,1.42,5,7,1.45,4.5,7,1.4,4.75,7,1.42,5.22,7.94,1.44,4.5,7,1.44,5,7,35,1.45,1.42,5.22,4.87,8,7.02,33,1.55,1.48,2.79,2.58,19,-1,1.7,1.64,2.38,2.29,1.59,4.54,5.71
D1,14/01/18,FC Koln,M'gladbach,2,1,H,1,0,H,11,16,3,6,17,14,3,3,2,3,0,0,3.29,3.5,2.14,3.25,3.5,2.2,3.15,3.3,2.3,3.1,3.5,2.2,3.33,3.65,2.24,3.3,3.3,2.2,3.2,3.6,2.2,35,3.33,3.18,3.65,3.48,2.3,2.21,32,1.79,1.73,2.2,2.1,18,0.25,2,1.94,1.96,1.91,3.39,3.45,2.27
D1,19/01/18,Hertha,Dortmund,1,1,D,0,0,D,9,11,2,4,15,11,3,5,3,1,0,0,3.29,3.39,2.2,3.4,3.4,2.15,3.4,3.3,2.2,3.25,3.3,2.2,3.46,3.46,2.24,3.2,3.4,2.2,3.3,3.4,2.25,36,3.55,3.34,3.5,3.37,2.32,2.22,35,2.01,1.96,1.92,1.86,18,0.25,1.99,1.95,1.97,1.92,3.6,3.53,2.15
D1,20/01/18,Freiburg,RB Leipzig,2,1,H,0,0,D,9,12,4,3,12,12,6,6,0,0,0,0,3.5,3.5,2.1,3.4,3.6,2.1,3.5,3.4,2.1,3.3,3.5,2.1,3.53,3.62,2.15,3.4,3.4,2.1,3.4,3.5,2.15,36,3.58,3.43,3.62,3.49,2.18,2.12,35,1.86,1.77,2.14,2.06,20,0.25,2.09,2.03,1.88,1.84,3.61,3.64,2.11
D1,20/01/18,Hamburg,FC Koln,0,2,A,0,1,A,13,9,3,2,21,13,9,3,3,3,0,0,2.2,3.29,3.39,2.15,3.4,3.4,2.2,3.35,3.3,2.15,3.2,3.4,2.24,3.34,3.58,2.2,3.3,3.3,2.15,3.4,3.5,35,2.27,2.2,3.4,3.29,3.58,3.43,33,2.18,2.11,1.77,1.73,20,-0.25,1.92,1.88,2.04,1.98,1.99,3.44,4.32
D1,20/01/18,Hoffenheim,Leverkusen,1,4,A,0,1,A,13,13,3,6,18,16,4,1,2,1,0,0,2.87,3.6,2.37,2.9,3.5,2.4,3.05,3.4,2.3,2.8,3.6,2.35,2.94,3.68,2.42,2.88,3.6,2.3,2.9,3.7,2.38,36,3.05,2.87,3.75,3.55,2.46,2.38,32,1.62,1.57,2.5,2.39,20,0.25,1.86,1.82,2.09,2.05,2.86,3.73,2.45
D1,20/01/18,Mainz,Stuttgart,3,2,H,1,1,D,21,8,12,5,9,8,7,3,2,4,0,0,2.6,3.2,2.87,2.5,3.3,2.9,2.5,3.2,2.95,2.5,3.2,2.87,2.58,3.34,2.96,2.5,3.3,2.8,2.55,3.3,2.9,36,2.63,2.54,3.38,3.24,3,2.87,34,2.15,2.06,1.82,1.76,19,-0.25,2.25,2.17,1.77,1.72,2.8,3.3,2.75
D1,20/01/18,M'gladbach,Augsburg,2,0,H,1,0,H,16,16,6,3,9,11,8,5,0,1,0,0,2.1,3.6,3.39,2.1,3.6,3.4,2,3.4,3.8,2.05,3.5,3.4,2.11,3.69,3.57,2.05,3.5,3.5,2.1,3.6,3.5,36,2.12,2.07,3.7,3.55,3.8,3.5,34,1.8,1.74,2.18,2.1,19,-0.25,1.84,1.8,2.11,2.07,2.21,3.52,3.46
D1,20/01/18,Wolfsburg,Ein Frankfurt,1,3,A,0,2,A,13,18,4,6,12,19,4,3,4,2,1,0,2.2,3.2,3.6,2.15,3.4,3.4,2.3,3.3,3.15,2.2,3.25,3.3,2.26,3.39,3.49,2.25,3.3,3.2,2.25,3.4,3.4,36,2.3,2.22,3.4,3.31,3.6,3.35,35,2.12,2.05,1.83,1.78,21,-0.25,1.95,1.92,1.98,1.95,2.54,3.24,3.1
D1,21/01/18,Bayern Munich,Werder Bremen,4,2,H,1,1,D,15,10,7,4,7,20,4,7,0,2,0,0,1.12,10,17,1.13,9.5,17,1.15,8,16,1.12,9,23,1.14,10.46,20.15,1.14,8.5,15,1.12,10,21,36,1.15,1.13,10.46,9.15,23,18.81,28,1.31,1.27,4,3.71,20,-2.5,2.02,1.98,1.92,1.89,1.16,9.31,18.53
D1,21/01/18,Schalke 04,Hannover,1,1,D,1,0,H,5,11,2,4,19,13,1,2,2,1,0,0,1.57,3.79,6.5,1.53,4.2,6.25,1.65,4,5,1.57,4,5.5,1.58,4.33,6.23,1.55,4,6,1.6,4.3,5.5,36,1.65,1.57,4.33,4.12,6.5,5.82,34,1.84,1.76,2.16,2.05,21,-1,2.06,1.99,1.92,1.87,1.53,4.48,6.79
D1,26/01/18,Ein Frankfurt,M'gladbach,2,0,H,1,0,H,9,14,2,2,14,14,4,4,5,2,0,0,2.45,3.39,2.89,2.45,3.4,2.9,2.5,3.1,3.05,2.45,3.3,2.8,2.57,3.42,2.91,2.38,3.4,2.9,2.5,3.4,2.9,36,2.6,2.48,3.5,3.35,3.05,2.87,35,1.98,1.9,2.05,1.91,19,-0.25,2.2,2.14,1.79,1.74,2.51,3.47,2.95
D1,27/01/18,Bayern Munich,Hoffenheim,5,2,H,2,2,D,22,6,11,4,8,19,3,4,0,2,0,0,1.19,7,13,1.19,7.5,13,1.2,7,13.5,1.22,6.5,13,1.22,7.61,13.5,1.2,6.5,13,1.22,7.5,12,35,1.25,1.21,7.8,7.07,15,12.54,34,1.35,1.31,3.65,3.42,21,-2,2.05,1.96,1.93,1.89,1.26,6.88,11.55
D1,27/01/18,Dortmund,Freiburg,2,2,D,1,1,D,12,4,4,3,11,12,5,2,1,0,0,0,1.39,5,7.5,1.4,5,7.25,1.45,4.4,7.2,1.4,4.8,7.5,1.4,5.19,8.52,1.4,4.5,8,1.4,5.25,7.5,36,1.45,1.39,5.25,4.97,8.52,7.53,33,1.55,1.5,2.7,2.56,20,-1.25,1.9,1.85,2.04,2,1.36,5.56,9.12
D1,27/01/18,FC Koln,Augsburg,1,1,D,1,0,H,12,11,5,3,12,16,6,6,3,3,0,0,2.79,3.25,2.6,2.75,3.3,2.6,2.6,3.25,2.75,2.75,3.2,2.6,2.85,3.36,2.65,2.75,3.2,2.6,2.8,3.3,2.63,36,2.9,2.77,3.36,3.25,2.75,2.62,34,2.13,2.06,1.82,1.76,19,0.25,1.73,1.68,2.31,2.23,3.04,3.47,2.45
D1,27/01/18,RB Leipzig,Hamburg,1,1,D,1,1,D,14,8,5,2,14,19,3,3,0,2,0,0,1.5,4.2,7,1.48,4.4,6.75,1.45,4.4,7.2,1.44,4.2,6.5,1.47,4.54,7.88,1.5,4,7,1.5,4.4,7,36,1.53,1.48,4.54,4.32,8,6.97,34,1.83,1.77,2.12,2.05,22,-1,1.84,1.8,2.13,2.08,1.59,4.08,6.57
D1,27/01/18,Stuttgart,Schalke 04,0,2,A,0,2,A,11,18,2,7,15,11,4,6,2,1,0,0,2.89,3.25,2.5,2.85,3.3,2.5,2.95,3.3,2.4,2.87,3.1,2.5,2.96,3.34,2.58,2.9,3.2,2.5,2.88,3.3,2.6,36,2.97,2.87,3.4,3.25,2.63,2.53,34,2.16,2.08,1.8,1.75,19,0.25,1.75,1.72,2.23,2.17,2.92,3.42,2.56
D1,27/01/18,Werder Bremen,Hertha,0,0,D,0,0,D,18,5,7,2,13,20,2,2,3,2,0,0,2.2,3.39,3.29,2.2,3.4,3.3,2.2,3.3,3.4,2.15,3.25,3.3,2.22,3.45,3.51,2.2,3.3,3.3,2.2,3.4,3.4,36,2.27,2.21,3.45,3.36,3.51,3.34,34,2.1,2.02,1.86,1.8,20,-0.25,1.93,1.89,2.01,1.96,1.97,3.6,4.16
D1,28/01/18,Hannover,Wolfsburg,0,1,A,0,0,D,15,7,3,2,15,15,7,0,2,3,0,0,2.29,3.39,3.1,2.3,3.3,3.2,2.6,3.2,2.8,2.25,3.4,3.1,2.27,3.57,3.29,2.25,3.2,3.3,2.3,3.4,3.2,36,2.6,2.28,3.57,3.4,3.3,3.15,34,1.89,1.84,2.03,1.97,19,-0.25,1.99,1.94,1.95,1.91,2.32,3.53,3.22
D1,28/01/18,Leverkusen,Mainz,2,0,H,0,0,D,12,4,3,1,10,14,13,0,1,2,0,0,1.39,5,7.5,1.4,4.75,8,1.45,4.4,7.2,1.44,4.6,7,1.44,5.04,7.5,1.4,4.5,8,1.44,5,7,35,1.48,1.43,5.1,4.79,8,7,33,1.53,1.48,2.72,2.62,20,-1,1.72,1.68,2.31,2.25,1.48,4.87,6.92
D1,02/02/18,FC Koln,Dortmund,2,3,A,0,1,A,16,17,5,7,13,16,5,2,2,1,0,0,5,3.79,1.7,4.75,3.9,1.72,3.8,3.4,2,4.8,3.7,1.7,5.35,3.85,1.72,4.8,3.5,1.75,5,3.8,1.75,38,5.44,4.91,3.9,3.76,2,1.73,37,1.99,1.89,1.99,1.92,20,1,1.69,1.65,2.38,2.31,4.96,4.01,1.74
D1,03/02/18,Freiburg,Leverkusen,0,0,D,0,0,D,11,15,5,3,19,11,2,4,7,1,0,0,4,3.79,1.85,4.2,3.6,1.87,4.1,3.5,1.9,3.9,3.7,1.85,4.17,3.96,1.88,4,3.5,1.91,4,3.9,1.9,38,4.33,3.97,3.96,3.78,1.94,1.87,36,1.7,1.64,2.35,2.25,19,0.5,2.04,1.99,1.92,1.87,4.27,3.68,1.93
D1,03/02/18,Hertha,Hoffenheim,1,1,D,0,1,A,6,17,3,4,13,13,0,5,0,2,0,0,2.62,3.29,2.75,2.6,3.5,2.65,2.4,3.3,2.95,2.62,3.25,2.65,2.72,3.37,2.77,2.7,3.1,2.7,2.7,3.4,2.7,37,2.77,2.63,3.5,3.32,2.95,2.72,36,2.03,1.94,1.94,1.87,18,0.25,1.69,1.65,2.36,2.3,3.14,3.53,2.36
D1,03/02/18,Mainz,Bayern Munich,0,2,A,0,2,A,16,13,4,6,10,15,3,5,0,3,0,0,10,5.25,1.3,10,5.5,1.3,8,5.3,1.35,9.5,5.25,1.3,10.24,5.81,1.32,9,5.5,1.3,9.5,5.75,1.33,38,11,9.57,5.9,5.52,1.35,1.31,33,1.53,1.49,2.76,2.58,21,1.5,2.01,1.97,1.94,1.89,9.4,5.35,1.37
D1,03/02/18,M'gladbach,RB Leipzig,0,1,A,0,0,D,10,16,3,6,13,10,1,7,2,2,0,0,2.5,3.39,2.79,2.45,3.5,2.8,2.65,3.3,2.65,2.5,3.5,2.62,2.64,3.61,2.7,2.5,3.3,2.8,2.55,3.6,2.7,38,2.68,2.55,3.61,3.48,2.8,2.7,36,1.69,1.64,2.35,2.25,18,-0.25,2.28,2.2,1.74,1.7,2.64,3.54,2.75
D1,03/02/18,Schalke 04,Werder Bremen,1,2,A,1,0,H,15,12,6,7,15,16,3,2,3,1,1,0,1.75,3.79,4.75,1.75,3.8,4.6,1.65,3.8,5.3,1.75,3.6,4.5,1.79,3.8,4.9,1.8,3.5,4.5,1.8,3.8,4.6,38,1.84,1.78,3.9,3.72,5.3,4.6,37,1.93,1.85,2.02,1.95,20,-0.75,2.07,2,1.9,1.85,1.85,3.67,4.75
D1,03/02/18,Wolfsburg,Stuttgart,1,1,D,1,0,H,15,13,5,2,12,10,3,6,0,2,0,0,2.25,3.29,3.29,2.25,3.4,3.25,2.3,3.2,3.25,2.2,3.2,3.3,2.27,3.36,3.49,2.25,3.25,3.25,2.3,3.3,3.4,38,2.34,2.24,3.44,3.31,3.6,3.32,36,2.13,2.07,1.82,1.75,21,-0.25,1.97,1.92,1.99,1.94,2.12,3.55,3.68
D1,04/02/18,Augsburg,Ein Frankfurt,3,0,H,1,0,H,15,8,7,2,12,11,1,2,1,1,0,0,2.35,3.29,3.1,2.35,3.2,3.2,2.5,3.3,2.85,2.35,3.1,3.1,2.41,3.32,3.23,2.4,3.1,3.1,2.38,3.3,3.2,38,2.5,2.38,3.37,3.23,3.25,3.12,36,2.25,2.15,1.77,1.7,20,-0.25,2.06,2.02,1.89,1.84,2.58,3.21,3.07
D1,04/02/18,Hamburg,Hannover,1,1,D,0,1,A,16,14,3,7,14,18,8,3,2,1,1,0,2.25,3.29,3.29,2.2,3.4,3.3,2.2,3.3,3.4,2.3,3.1,3.25,2.34,3.3,3.39,2.3,3.2,3.2,2.3,3.3,3.25,38,2.42,2.3,3.41,3.26,3.4,3.24,36,2.29,2.17,1.77,1.68,19,-0.25,2.02,1.97,1.92,1.88,2.18,3.41,3.67
D1,09/02/18,RB Leipzig,Augsburg,2,0,H,1,0,H,23,12,9,2,12,17,6,7,0,2,0,0,1.7,3.79,5,1.72,3.6,4.75,1.7,3.7,5,1.75,3.7,4.6,1.76,3.91,4.92,1.75,3.75,4.5,1.75,3.8,4.8,39,1.81,1.75,3.94,3.76,5.08,4.7,37,1.87,1.82,2.07,1.99,21,-0.75,2.01,1.96,1.95,1.89,1.8,3.67,5.08
D1,10/02/18,Bayern Munich,Schalke 04,2,1,H,2,1,H,13,9,5,3,15,15,4,3,2,2,0,0,1.28,6,9.5,1.28,5.25,10.5,1.3,5.5,9.5,1.28,5.5,11,1.28,6.28,11.7,1.29,5,9,1.29,6,10.5,39,1.32,1.28,6.28,5.78,12,10.6,35,1.55,1.51,2.66,2.54,20,-1.75,2.07,2.02,1.88,1.84,1.24,6.9,13.75
D1,10/02/18,Dortmund,Hamburg,2,0,H,0,0,D,10,8,3,2,13,12,2,4,0,1,0,0,1.33,5.25,9,1.34,5,8,1.4,4.8,7.5,1.33,5,9,1.35,5.52,9.68,1.36,5,8,1.36,5.4,8.5,39,1.4,1.34,5.52,5.16,10,8.88,35,1.64,1.59,2.45,2.34,19,-1.25,1.8,1.75,2.17,2.12,1.38,5.15,9.52
D1,10/02/18,Ein Frankfurt,FC Koln,4,2,H,1,0,H,13,8,8,4,19,18,4,1,2,1,0,0,1.9,3.5,4.2,1.8,3.5,4.4,1.85,3.5,4.3,1.87,3.4,4.2,1.92,3.62,4.39,1.85,3.5,4.33,1.9,3.6,4.2,39,1.96,1.89,3.7,3.52,4.5,4.23,37,2.11,2.04,1.85,1.78,19,-0.75,2.23,2.17,1.76,1.72,1.99,3.53,4.18
D1,10/02/18,Hannover,Freiburg,2,1,H,1,0,H,13,12,6,4,13,7,3,4,0,2,0,0,2.1,3.5,3.5,2.05,3.5,3.4,2.2,3.3,3.4,2.05,3.4,3.6,2.09,3.53,3.81,2.05,3.4,3.6,2.1,3.5,3.6,39,2.2,2.08,3.6,3.44,3.83,3.59,37,1.96,1.9,1.96,1.9,19,-0.25,1.83,1.78,2.14,2.09,2.08,3.48,3.89
D1,10/02/18,Hoffenheim,Mainz,4,2,H,1,1,D,24,6,9,2,13,19,5,2,4,3,0,0,1.61,4,5.25,1.65,3.8,5,1.8,3.6,4.5,1.61,4,5,1.63,4.22,5.75,1.67,4,4.75,1.67,4.2,5,38,1.8,1.65,4.3,4.04,5.75,5.07,34,1.68,1.63,2.35,2.27,21,-1,2.17,2.11,1.83,1.77,1.66,4.26,5.37
D1,10/02/18,Leverkusen,Hertha,0,2,A,0,1,A,15,9,6,4,18,16,9,4,2,2,0,0,1.53,4.33,6,1.48,4.33,6.25,1.55,4,6.2,1.53,4.2,5.8,1.56,4.58,6.12,1.5,4.4,6,1.53,4.6,5.75,39,1.59,1.53,4.6,4.36,6.5,5.97,35,1.68,1.63,2.4,2.26,22,-1,1.93,1.88,2.01,1.97,1.53,4.41,6.92
D1,11/02/18,Stuttgart,M'gladbach,1,0,H,1,0,H,7,12,2,4,11,11,1,8,1,0,0,0,2.5,3.39,2.79,2.5,3.3,2.7,2.6,3.25,2.75,2.45,3.3,2.75,2.61,3.44,2.85,2.4,3.5,2.8,2.5,3.5,2.8,39,2.61,2.51,3.5,3.38,2.95,2.79,37,1.87,1.82,2.05,1.99,19,-0.25,2.22,2.15,1.77,1.73,2.43,3.52,3.03
D1,11/02/18,Werder Bremen,Wolfsburg,3,1,H,2,0,H,12,13,5,5,16,11,6,8,1,5,0,0,2.14,3.39,3.39,2.1,3.3,3.4,2.1,3.4,3.5,2.05,3.3,3.5,2.1,3.54,3.75,2.05,3.4,3.6,2.15,3.4,3.6,39,2.16,2.1,3.56,3.41,3.85,3.57,37,2.02,1.94,1.91,1.86,21,-0.25,1.86,1.81,2.12,2.06,1.94,3.7,4.15
D1,16/02/18,Hertha,Mainz,0,2,A,0,1,A,9,13,1,7,15,16,6,4,0,3,0,0,2,3.39,4,2.05,3.4,3.7,2,3.4,3.8,2,3.3,3.8,2.03,3.43,4.15,1.95,3.3,4,2.05,3.4,3.9,34,2.1,2.02,3.55,3.4,4.25,3.9,32,2.14,2.07,1.83,1.76,19,-0.25,1.78,1.73,2.22,2.15,1.98,3.49,4.29
D1,17/02/18,FC Koln,Hannover,1,1,D,1,1,D,5,15,1,7,15,18,5,4,2,3,0,0,2.29,3.39,3.1,2.3,3.5,3,2.4,3.3,2.95,2.25,3.4,3.1,2.28,3.59,3.25,2.3,3.4,3,2.3,3.5,3.13,37,2.4,2.28,3.63,3.47,3.25,3.11,36,1.86,1.8,2.09,2.02,20,-0.25,2.01,1.96,1.95,1.9,2.15,3.58,3.56
D1,17/02/18,Freiburg,Werder Bremen,1,0,H,1,0,H,7,9,3,3,13,16,0,5,2,2,0,0,2.5,3.29,2.89,2.55,3.4,2.75,2.6,3.3,2.7,2.5,3.25,2.8,2.54,3.43,2.94,2.5,3.3,2.8,2.5,3.4,2.9,37,2.61,2.52,3.45,3.33,3,2.84,36,2,1.91,1.97,1.89,19,-0.25,2.25,2.16,1.78,1.73,2.75,3.38,2.73
D1,17/02/18,Hamburg,Leverkusen,1,2,A,0,1,A,11,16,3,5,15,9,4,3,2,2,0,0,3.79,3.5,2,3.9,3.5,1.95,3.8,3.4,2,3.8,3.4,1.95,3.94,3.65,2.01,3.8,3.4,2,3.8,3.5,2.05,37,4.1,3.85,3.65,3.49,2.07,1.99,36,2.02,1.96,1.91,1.85,19,0.25,2.23,2.17,1.76,1.72,4.22,3.59,1.96
D1,17/02/18,Schalke 04,Hoffenheim,2,1,H,2,0,H,9,12,6,4,18,18,4,3,2,6,0,0,2.1,3.5,3.5,2.1,3.4,3.6,2,3.4,3.8,2.05,3.5,3.4,2.12,3.59,3.63,2.1,3.4,3.5,2.1,3.5,3.5,36,2.15,2.08,3.65,3.51,3.8,3.55,34,1.79,1.74,2.19,2.1,19,-0.25,1.84,1.8,2.13,2.07,2.25,3.51,3.39
D1,17/02/18,Wolfsburg,Bayern Munich,1,2,A,1,0,H,3,18,1,5,14,15,4,8,4,3,0,0,8.5,5,1.36,8.5,5,1.36,7.5,4.8,1.4,8.5,4.8,1.36,8.75,5.08,1.4,8,5,1.36,8.5,5.2,1.36,37,9.7,8.35,5.25,4.95,1.44,1.38,33,1.63,1.57,2.5,2.38,21,1.5,1.85,1.8,2.14,2.07,7.62,4.92,1.45
D1,18/02/18,Augsburg,Stuttgart,0,1,A,0,1,A,8,16,2,6,16,16,4,7,4,1,0,0,2.04,3.39,3.75,2,3.5,3.8,2,3.4,3.8,1.95,3.4,3.8,2,3.59,4.05,2,3.4,3.75,2,3.5,3.9,37,2.07,2,3.6,3.45,4.05,3.83,35,2.02,1.96,1.92,1.84,17,-0.25,1.76,1.71,2.26,2.17,2.08,3.43,3.96
D1,18/02/18,M'gladbach,Dortmund,0,1,A,0,1,A,28,8,11,2,15,16,6,5,3,3,0,0,3,3.6,2.29,3,3.5,2.3,3.5,3.4,2.1,3,3.6,2.25,3.05,3.76,2.32,3,3.6,2.25,3,3.7,2.3,37,3.5,3.04,3.76,3.58,2.36,2.27,33,1.65,1.59,2.45,2.34,18,0.25,1.93,1.88,2.02,1.97,3.42,3.72,2.16
D1,19/02/18,Ein Frankfurt,RB Leipzig,2,1,H,2,1,H,12,10,3,2,18,13,7,5,6,2,0,0,2.5,3.39,2.79,2.55,3.4,2.75,2.85,3.3,2.5,2.5,3.3,2.75,2.52,3.52,2.91,2.6,3.3,2.7,2.55,3.4,2.88,36,2.85,2.53,3.52,3.35,2.94,2.79,35,1.92,1.87,2.01,1.93,17,-0.25,2.25,2.15,1.77,1.73,2.63,3.31,2.91
D1,23/02/18,Mainz,Wolfsburg,1,1,D,1,1,D,13,8,4,2,12,13,2,3,0,0,0,0,2.14,3.39,3.5,2.2,3.4,3.3,2.4,3.1,3.2,2.15,3.2,3.4,2.21,3.38,3.61,2.2,3.3,3.3,2.2,3.4,3.5,36,2.4,2.21,3.41,3.3,3.68,3.45,34,2.18,2.1,1.81,1.73,17,-0.25,1.95,1.89,2.03,1.98,2.24,3.42,3.5
D1,24/02/18,Bayern Munich,Hertha,0,0,D,0,0,D,19,5,6,3,11,12,9,2,0,0,0,0,1.16,7.5,17,1.16,7.75,16,1.15,7.5,18,1.14,7.5,17,1.18,8.05,18.7,1.17,7.5,15,1.15,8,21,38,1.2,1.16,8.5,7.73,22.85,17.49,32,1.48,1.42,1.82,1.75,20,-2,1.77,1.74,3,2.83,1.18,8.36,16.93
D1,24/02/18,Hannover,M'gladbach,0,1,A,0,0,D,20,15,5,4,14,11,10,6,2,1,0,0,2.62,3.39,2.7,2.65,3.4,2.65,2.5,3.3,2.85,2.55,3.4,2.65,2.61,3.49,2.81,2.6,3.4,2.6,2.63,3.4,2.75,38,2.72,2.6,3.55,3.38,2.85,2.71,36,1.83,1.77,2.13,2.04,19,-0.25,2.26,2.21,1.73,1.69,2.88,3.5,2.55
D1,24/02/18,Hoffenheim,Freiburg,1,1,D,0,0,D,12,7,4,3,12,19,4,2,1,1,0,0,1.66,4.2,4.75,1.67,4.1,4.75,1.7,3.7,5,1.67,3.9,4.8,1.69,4.08,5.25,1.62,4.2,5,1.7,4.2,4.8,38,1.75,1.68,4.2,4,5.4,4.96,36,1.73,1.68,2.26,2.18,20,-1,2.26,2.18,1.77,1.71,1.72,4.01,5.11
D1,24/02/18,Stuttgart,Ein Frankfurt,1,0,H,1,0,H,13,7,5,0,16,15,4,3,2,2,0,0,2.37,3.2,3.25,2.4,3.2,3.1,2.65,3.3,2.65,2.35,3.1,3.1,2.44,3.29,3.21,2.45,3.25,2.9,2.45,3.25,3.13,38,2.65,2.42,3.35,3.21,3.27,3.09,36,2.3,2.2,1.72,1.67,19,-0.25,2.1,2.05,1.86,1.81,2.45,3.34,3.15
D1,24/02/18,Werder Bremen,Hamburg,1,0,H,0,0,D,14,6,3,1,16,15,11,2,1,1,0,0,1.83,3.6,4.5,1.83,3.6,4.4,1.85,3.6,4.2,1.8,3.4,4.6,1.79,3.63,5.18,1.83,3.5,4.33,1.8,3.6,4.8,38,1.86,1.8,3.7,3.55,5.26,4.7,37,2.16,2.05,1.82,1.77,18,-0.75,2.07,2.02,1.87,1.83,2.16,3.23,3.98
D1,25/02/18,Leverkusen,Schalke 04,0,2,A,0,1,A,9,10,5,6,15,18,7,3,4,4,1,0,1.9,3.6,4,1.9,3.6,4.1,2,3.4,3.8,1.87,3.6,3.9,1.96,3.77,4,1.85,3.75,4,1.93,3.75,3.9,38,2,1.91,3.81,3.65,4.2,3.95,34,1.8,1.74,2.19,2.08,17,-0.75,2.24,2.16,1.78,1.72,2.1,3.57,3.71
D1,25/02/18,RB Leipzig,FC Koln,1,2,A,1,0,H,15,14,3,5,12,10,3,7,1,1,0,0,1.55,4,6.5,1.5,4.1,7,1.5,4.2,6.5,1.53,4.2,6,1.54,4.48,6.59,1.5,4.2,6.5,1.53,4.4,6.25,37,1.59,1.53,4.53,4.26,7,6.19,33,1.76,1.71,2.2,2.13,20,-1,1.94,1.89,2.01,1.97,1.51,4.59,6.94
D1,26/02/18,Dortmund,Augsburg,1,1,D,1,0,H,9,13,2,6,8,15,3,3,0,3,0,0,1.44,4.5,7,1.45,4.6,7,1.5,4.2,6.5,1.5,4.33,6.5,1.48,4.57,7.62,1.5,4.2,6.5,1.5,4.5,6.5,37,1.53,1.48,4.7,4.42,7.7,6.68,34,1.69,1.64,2.33,2.25,19,-1,1.83,1.78,2.15,2.1,1.43,5.02,8.07
D1,02/03/18,M'gladbach,Werder Bremen,2,2,D,2,0,H,10,17,5,6,13,20,5,6,2,3,0,0,1.95,3.5,4,1.95,3.6,3.9,2,3.5,3.7,2,3.5,3.6,2.02,3.64,3.91,1.95,3.5,3.8,2.05,3.6,3.75,35,2.07,1.99,3.7,3.55,4,3.79,33,1.85,1.79,2.11,2.02,18,-0.5,2.04,1.99,1.92,1.88,2.05,3.58,3.87
D1,03/03/18,Augsburg,Hoffenheim,0,2,A,0,1,A,8,17,2,6,11,18,8,5,0,2,0,0,2.89,3.39,2.45,2.7,3.4,2.6,2.5,3.15,3,2.87,3.25,2.4,3,3.41,2.51,2.8,3.3,2.5,2.9,3.4,2.5,36,3.08,2.87,3.45,3.33,3,2.51,35,2.04,1.95,1.91,1.86,18,0.25,1.81,1.76,2.2,2.12,2.96,3.48,2.5
D1,03/03/18,Ein Frankfurt,Hannover,1,0,H,1,0,H,13,7,7,2,21,16,5,1,3,2,0,0,1.75,3.6,5,1.75,3.7,4.75,1.85,3.5,4.3,1.73,3.6,4.75,1.76,3.84,5.11,1.8,3.5,4.5,1.8,3.75,4.8,37,1.85,1.76,3.85,3.69,5.2,4.84,36,1.97,1.91,1.98,1.89,20,-0.75,2.02,1.96,1.95,1.9,1.76,3.76,5.21
D1,03/03/18,Hamburg,Mainz,0,0,D,0,0,D,18,5,6,2,15,14,11,1,4,5,0,1,2.25,3.29,3.39,2.3,3.25,3.3,2.4,3.2,3.1,2.25,3.1,3.4,2.26,3.31,3.57,2.3,3.2,3.2,2.3,3.3,3.4,36,2.4,2.28,3.35,3.21,3.6,3.39,34,2.47,2.33,1.65,1.6,19,-0.25,2,1.93,1.99,1.93,2.14,3.38,3.82
D1,03/03/18,RB Leipzig,Dortmund,1,1,D,1,1,D,11,4,3,2,15,12,2,3,0,4,0,0,2.39,3.5,2.87,2.5,3.6,2.7,2.5,3.1,3.05,2.5,3.5,2.65,2.45,3.62,2.93,2.3,3.6,2.88,2.4,3.6,2.88,36,2.52,2.44,3.7,3.53,3.05,2.84,34,1.7,1.65,2.33,2.23,18,-0.25,2.15,2.09,1.83,1.78,2.19,3.61,3.42
D1,03/03/18,Schalke 04,Hertha,1,0,H,1,0,H,7,11,4,3,16,16,2,6,0,1,0,0,1.66,3.6,6,1.62,3.8,5.75,1.75,3.6,4.8,1.61,3.6,5.75,1.65,3.83,6.31,1.67,3.6,5.5,1.67,3.8,5.75,37,1.75,1.66,3.9,3.73,6.31,5.65,35,2.19,2.09,1.8,1.74,20,-0.75,1.9,1.85,2.07,2.02,1.65,3.8,6.49
D1,03/03/18,Wolfsburg,Leverkusen,1,2,A,0,1,A,7,17,2,4,28,9,3,2,7,1,1,0,3.29,3.39,2.2,3.4,3.4,2.15,3.3,3.2,2.3,3.25,3.4,2.15,3.4,3.59,2.21,3.3,3.3,2.2,3.4,3.5,2.2,37,3.5,3.34,3.6,3.46,2.3,2.18,36,1.9,1.83,2.07,1.98,20,0.25,2.04,1.98,1.92,1.88,3.54,3.69,2.12
D1,04/03/18,FC Koln,Stuttgart,2,3,A,1,2,A,12,9,4,4,13,13,3,3,1,3,0,0,2.45,3.25,3,2.4,3.4,2.95,2.4,3.3,2.95,2.4,3.2,2.9,2.45,3.38,3.11,2.4,3.1,3.1,2.5,3.4,2.9,37,2.53,2.43,3.45,3.3,3.11,2.99,36,2.1,2.03,1.85,1.79,18,-0.25,2.14,2.09,1.83,1.79,2.58,3.42,2.9
D1,04/03/18,Freiburg,Bayern Munich,0,4,A,0,2,A,5,17,1,4,8,8,4,5,1,0,0,0,10,5.5,1.3,9.5,5.25,1.33,8,5.3,1.35,10,5,1.3,9.72,5.38,1.36,11,5,1.3,10,5.5,1.33,37,11,9.55,5.9,5.37,1.37,1.32,34,1.65,1.59,2.5,2.33,20,1.5,2.07,1.93,1.98,1.93,7.84,4.64,1.47
D1,09/03/18,Mainz,Schalke 04,0,1,A,0,0,D,16,6,4,2,12,17,5,6,2,2,0,0,3.6,3.29,2.1,3.7,3.3,2.1,3.5,3.4,2.1,3.6,3.2,2.1,3.79,3.43,2.13,3.6,3.4,2.05,3.6,3.4,2.15,39,3.8,3.62,3.5,3.34,2.21,2.13,36,2.21,2.13,1.77,1.71,20,0.25,2.09,2.03,1.88,1.83,3.38,3.32,2.33
D1,10/03/18,Bayern Munich,Hamburg,6,0,H,3,0,H,18,1,7,0,4,9,11,1,1,2,0,0,1.12,9,21,1.12,9,21,1.12,9,20,1.12,8.5,26,1.14,9.68,22.5,1.14,8,17,1.13,9.5,26,40,1.16,1.13,10.5,8.95,29,21.82,34,1.42,1.38,3.14,3.01,20,-2.25,1.85,1.82,2.11,2.06,1.15,8.8,24.2
D1,10/03/18,Hannover,Augsburg,1,3,A,1,2,A,17,17,5,8,13,16,3,6,2,2,0,0,2.14,3.39,3.39,2.2,3.4,3.3,2.3,3.2,3.3,2.2,3.2,3.3,2.26,3.39,3.48,2.3,3.2,3.2,2.25,3.4,3.4,39,2.33,2.24,3.45,3.32,3.5,3.32,36,2.14,2.06,1.83,1.76,20,-0.25,1.95,1.92,1.98,1.94,2.37,3.39,3.24
D1,10/03/18,Hertha,Freiburg,0,0,D,0,0,D,12,5,4,0,7,14,5,4,1,0,0,0,2.1,3.25,3.79,2.1,3.3,3.7,2.1,3.4,3.5,2.1,3.2,3.7,2.14,3.34,3.86,2.1,3.3,3.5,2.15,3.3,3.75,39,2.18,2.11,3.4,3.26,4,3.73,36,2.31,2.24,1.71,1.64,20,-0.25,1.84,1.81,2.11,2.06,2.31,3.09,3.72
D1,10/03/18,Hoffenheim,Wolfsburg,3,0,H,1,0,H,17,6,6,1,7,7,11,4,1,1,0,0,1.66,4,5,1.7,3.8,5,1.75,3.6,4.8,1.7,3.75,4.75,1.72,3.92,5.24,1.73,3.6,5,1.73,4,4.8,39,1.77,1.71,4,3.84,5.24,4.88,36,1.88,1.8,2.08,2.01,20,-0.75,1.96,1.92,1.98,1.94,1.71,4.01,5.21
D1,10/03/18,Leverkusen,M'gladbach,2,0,H,1,0,H,17,9,7,2,12,15,3,5,0,3,0,0,1.7,3.89,5,1.72,3.9,4.75,1.8,3.6,4.5,1.67,3.9,4.75,1.68,4.12,5.3,1.73,3.8,4.5,1.73,4,4.8,40,1.8,1.7,4.2,3.97,5.3,4.79,36,1.7,1.64,2.35,2.25,19,-0.75,1.91,1.88,2.03,1.98,1.69,4.18,5.12
D1,11/03/18,Dortmund,Ein Frankfurt,3,2,H,1,0,H,13,10,4,3,17,10,5,8,3,3,0,0,1.75,3.6,5,1.78,3.7,4.5,1.75,3.6,4.8,1.75,3.7,4.4,1.78,3.98,4.69,1.73,3.8,4.5,1.8,3.9,4.4,39,1.84,1.76,4,3.81,5,4.58,37,1.8,1.75,2.17,2.08,19,-0.75,2.04,1.99,1.95,1.87,1.88,3.52,4.78
D1,11/03/18,Stuttgart,RB Leipzig,0,0,D,0,0,D,12,8,2,3,16,12,3,5,0,2,0,0,2.62,3.39,2.62,2.8,3.3,2.55,2.85,3.3,2.5,2.65,3.2,2.65,2.71,3.37,2.78,2.7,3.1,2.7,2.7,3.4,2.7,39,2.85,2.71,3.45,3.32,2.8,2.65,38,2.09,2.02,1.86,1.8,17,0.25,1.7,1.66,2.38,2.28,3.21,3.39,2.39
D1,12/03/18,Werder Bremen,FC Koln,3,1,H,1,0,H,13,8,6,2,14,12,7,3,0,3,0,0,1.83,3.75,4.2,1.8,3.75,4.4,1.8,3.6,4.5,1.8,3.7,4.2,1.82,3.91,4.58,1.83,3.6,4.2,1.83,3.8,4.33,37,1.88,1.82,3.95,3.74,4.7,4.32,34,1.8,1.74,2.17,2.09,18,-0.75,2.09,2.05,1.86,1.82,1.85,3.92,4.37
D1,16/03/18,Freiburg,Stuttgart,1,2,A,0,1,A,7,10,2,5,10,9,1,3,2,1,0,0,2.62,3.2,2.79,2.7,3,2.85,2.6,3.2,2.8,2.62,3,2.8,2.71,3.16,2.94,2.62,3.1,2.8,2.7,3.2,2.88,38,2.79,2.67,3.22,3.07,3.05,2.89,34,2.52,2.4,1.63,1.56,16,0,1.9,1.85,2.09,2.01,2.55,3.18,3.15
D1,17/03/18,Augsburg,Werder Bremen,1,3,A,0,2,A,15,20,6,12,13,15,8,7,2,1,0,0,2.5,3.1,3.1,2.35,3.3,3.1,2.4,3.3,2.95,2.35,3.25,3,2.42,3.41,3.14,2.45,3.25,2.9,2.4,3.3,3.1,41,2.51,2.4,3.46,3.3,3.15,3.04,39,2.04,1.99,1.9,1.82,20,-0.25,2.08,2.04,1.86,1.82,2.47,3.42,3.05
D1,17/03/18,Ein Frankfurt,Mainz,3,0,H,3,0,H,15,13,6,1,9,9,4,6,0,1,0,0,1.61,3.79,6,1.67,3.75,5.5,1.7,3.7,5,1.61,3.7,5.5,1.65,3.91,6.07,1.62,3.8,5.5,1.67,3.8,5.75,40,1.7,1.65,4,3.81,6.07,5.65,39,2.09,2.02,1.85,1.8,20,-0.75,1.86,1.83,2.07,2.04,1.75,3.75,5.38
D1,17/03/18,Hamburg,Hertha,1,2,A,1,0,H,9,16,3,9,12,14,1,6,1,3,0,0,2.54,3,3,2.5,3.1,3.1,2.5,3.3,2.85,2.6,3,2.9,2.63,3.11,3.09,2.45,3,3.1,2.6,3.13,3,41,2.72,2.58,3.3,3.07,3.15,2.99,37,2.63,2.51,1.57,1.52,19,-0.25,2.25,2.18,1.75,1.72,2.9,3.13,2.77
D1,17/03/18,M'gladbach,Hoffenheim,3,3,D,1,1,D,23,13,7,6,11,15,9,3,0,1,0,0,2.75,3.39,2.54,2.7,3.4,2.6,2.65,3.3,2.65,2.65,3.5,2.5,2.74,3.57,2.63,2.5,3.6,2.62,2.75,3.6,2.5,40,2.86,2.71,3.7,3.48,2.7,2.55,37,1.73,1.67,2.3,2.19,18,0,2.05,2,1.92,1.86,3.21,3.8,2.22
D1,17/03/18,Wolfsburg,Schalke 04,0,1,A,0,0,D,17,10,3,2,12,18,5,2,0,1,0,0,3.5,3.25,2.2,3.6,3.3,2.15,3.5,3.4,2.1,3.6,3.1,2.15,3.75,3.34,2.18,3.5,3.25,2.15,3.6,3.3,2.2,41,3.76,3.59,3.4,3.27,2.22,2.16,38,2.3,2.21,1.71,1.66,20,0.25,2.06,2.01,1.9,1.85,4,3.36,2.09
D1,18/03/18,Dortmund,Hannover,1,0,H,1,0,H,25,8,9,4,14,10,12,2,2,1,0,0,1.44,4.75,7,1.44,4.75,7,1.45,4.4,7.2,1.4,4.6,7,1.43,5.07,7.74,1.44,4.75,6.5,1.44,5,7,41,1.48,1.43,5.25,4.82,7.9,7.14,36,1.53,1.49,2.71,2.59,20,-1.25,1.97,1.91,1.98,1.94,1.47,4.91,7.1
D1,18/03/18,FC Koln,Leverkusen,2,0,H,1,0,H,7,10,3,3,15,7,2,2,3,1,0,1,5,3.75,1.72,4.5,3.7,1.78,4.3,3.7,1.8,4.33,3.8,1.75,4.56,3.98,1.81,4.2,3.75,1.8,4.4,4,1.75,40,5,4.43,4.1,3.87,1.83,1.77,36,1.69,1.64,2.35,2.24,19,0.75,1.93,1.88,2.02,1.97,4.94,4.25,1.7
D1,18/03/18,RB Leipzig,Bayern Munich,2,1,H,1,1,D,16,9,6,2,16,14,3,6,3,4,0,0,5,4.33,1.6,5.25,4.1,1.62,4.8,3.9,1.7,5.25,4,1.6,5.71,4.29,1.62,5,4.2,1.6,5.25,4.33,1.62,41,6,5.39,4.45,4.2,1.7,1.6,37,1.62,1.56,2.49,2.4,22,1,1.9,1.86,2.05,2,5.44,4.29,1.65
D1,31/03/18,Bayern Munich,Dortmund,6,0,H,5,0,H,17,9,9,3,4,7,2,1,1,1,0,0,1.36,5,8,1.36,5,7.25,1.5,4.2,6.5,1.36,5,8,1.37,5.59,8.52,1.4,4.8,7.5,1.36,5.4,8,39,1.5,1.38,5.59,5.1,9.02,7.71,30,1.48,1.43,2.9,2.76,17,-1.25,1.86,1.79,2.13,2.08,1.36,5.6,8.84
D1,31/03/18,Hannover,RB Leipzig,2,3,A,0,1,A,13,15,3,5,16,16,6,3,3,4,0,0,3.89,3.6,1.95,3.75,3.4,1.95,3.8,3.4,2,3.6,3.6,1.95,3.93,3.72,1.99,3.5,3.6,2,3.6,3.8,2,39,3.98,3.74,3.8,3.6,2.06,1.98,37,1.78,1.72,2.23,2.11,16,0.5,1.93,1.89,2.03,1.97,4.5,3.98,1.81
D1,31/03/18,Hertha,Wolfsburg,0,0,D,0,0,D,9,9,2,1,15,12,4,5,1,3,0,1,2.04,3.29,3.6,2.05,3.25,3.6,2.2,3.35,3.3,2.1,3.1,3.75,2.13,3.31,3.95,2.15,3.2,3.6,2.15,3.3,3.7,39,2.21,2.12,3.38,3.24,3.95,3.7,37,2.42,2.31,1.67,1.6,17,-0.25,1.85,1.8,2.13,2.07,2.37,3.2,3.45
D1,31/03/18,Hoffenheim,FC Koln,6,0,H,1,0,H,18,4,11,1,13,10,4,8,1,0,0,0,1.53,4.5,5.75,1.5,4.5,5.5,1.55,4.2,5.8,1.53,4.33,5.75,1.56,4.77,5.76,1.5,4.4,6,1.53,4.6,5.75,38,1.59,1.54,4.9,4.51,6,5.65,32,1.53,1.49,2.72,2.59,19,-1,1.94,1.86,2.08,2,1.6,4.76,5.29
D1,31/03/18,Leverkusen,Augsburg,0,0,D,0,0,D,18,7,2,2,4,10,5,1,0,2,0,0,1.44,4.5,6.5,1.5,4.2,6,1.45,4.5,7,1.5,4.25,6,1.51,4.59,6.91,1.5,4.33,6,1.53,4.5,6.25,38,1.56,1.51,4.59,4.37,7.16,6.36,35,1.69,1.64,2.34,2.23,19,-1,1.89,1.84,2.05,2.02,1.49,4.53,7.59
D1,31/03/18,Schalke 04,Freiburg,2,0,H,0,0,D,16,6,7,0,19,16,2,2,2,2,0,1,1.55,3.79,6.5,1.55,3.9,6,1.5,4.2,6.5,1.57,3.75,6.5,1.56,4.03,7.29,1.57,3.75,6,1.57,4,6.5,39,1.63,1.57,4.2,3.86,7.29,6.5,36,2.2,2.13,1.77,1.71,19,-1,2.05,2.01,1.9,1.85,1.58,3.79,7.74
D1,31/03/18,Stuttgart,Hamburg,1,1,D,1,1,D,11,8,4,6,15,12,3,7,1,1,0,0,1.72,3.6,4.75,1.78,3.6,4.33,1.8,3.6,4.5,1.75,3.4,5,1.79,3.65,5.15,1.8,3.4,4.75,1.8,3.6,4.8,39,1.85,1.78,3.72,3.55,5.15,4.85,37,2.23,2.15,1.77,1.7,17,-1,2.56,2.47,1.62,1.57,1.69,3.94,5.5
D1,01/04/18,Mainz,M'gladbach,0,0,D,0,0,D,14,11,5,2,14,8,7,6,0,1,0,0,2.45,3.39,2.75,2.5,3.3,2.7,2.65,3.3,2.65,2.5,3.3,2.75,2.68,3.4,2.8,2.6,3.3,2.7,2.55,3.4,2.8,39,2.69,2.57,3.44,3.32,2.88,2.76,37,1.96,1.91,1.97,1.89,16,0,1.91,1.86,2.05,1.99,3.07,3.6,2.37
D1,01/04/18,Werder Bremen,Ein Frankfurt,2,1,H,1,0,H,11,11,6,6,16,9,6,3,2,0,0,0,2.37,3.25,3,2.35,3.25,2.95,2.5,3.3,2.85,2.35,3.25,3,2.46,3.36,3.11,2.38,3.25,3,2.38,3.4,3.1,39,2.5,2.39,3.4,3.27,3.25,3.04,36,2.1,2.02,1.84,1.79,17,-0.25,2.09,2.04,1.86,1.82,2.37,3.51,3.15
D1,06/04/18,Hannover,Werder Bremen,2,1,H,2,0,H,10,14,6,4,16,20,4,2,1,2,0,0,2.89,3.5,2.37,3,3.4,2.35,2.85,3.3,2.5,2.9,3.5,2.3,3.08,3.61,2.36,2.88,3.4,2.38,3,3.5,2.38,39,3.18,3,3.68,3.48,2.5,2.35,36,1.79,1.73,2.17,2.11,17,0.25,1.9,1.85,2.06,2.02,3.16,3.76,2.26
D1,07/04/18,Augsburg,Bayern Munich,1,4,A,1,2,A,7,12,1,7,19,8,1,6,3,1,0,0,6.5,4.33,1.5,6.75,4.25,1.5,6.5,4.2,1.5,6,4.2,1.53,6.73,4.46,1.51,6,4.2,1.53,6,4.4,1.55,40,6.76,6.3,4.5,4.31,1.57,1.52,37,1.78,1.7,2.22,2.15,21,1,2.02,1.97,1.95,1.88,7.66,4.34,1.48
D1,07/04/18,FC Koln,Mainz,1,1,D,1,0,H,15,12,8,4,13,19,8,3,4,5,0,1,2,3.5,3.75,2.1,3.5,3.5,2.2,3.35,3.3,2.1,3.4,3.4,2.14,3.59,3.59,2.1,3.4,3.4,2.15,3.5,3.5,39,2.2,2.1,3.65,3.48,3.75,3.49,38,1.92,1.87,2,1.93,19,-0.25,1.85,1.82,2.08,2.05,2.07,3.7,3.67
D1,07/04/18,Freiburg,Wolfsburg,0,2,A,0,1,A,13,11,1,2,16,14,9,3,0,1,0,0,2.5,3.1,3.1,2.55,3,3.1,2.6,3.25,2.75,2.45,3,3.1,2.53,3.19,3.16,2.5,3,3.1,2.5,3.13,3.13,40,2.6,2.49,3.25,3.1,3.21,3.09,36,2.52,2.41,1.61,1.56,19,-0.25,2.14,2.09,1.82,1.78,2.42,3.08,3.47
D1,07/04/18,Hamburg,Schalke 04,3,2,H,1,1,D,18,7,7,4,16,15,8,1,2,2,0,0,4.33,3.39,1.9,4,3.3,2,4.1,3.5,1.9,4.25,3.2,1.95,4.57,3.36,1.97,4.2,3.25,1.95,4.3,3.4,1.95,40,4.57,4.22,3.5,3.32,2.03,1.96,37,2.52,2.37,1.62,1.58,18,0.5,1.96,1.91,2,1.95,4.12,3.61,1.98
D1,07/04/18,M'gladbach,Hertha,2,1,H,0,1,A,10,13,3,6,13,20,4,5,1,2,0,0,1.7,3.5,5.75,1.85,3.6,4.33,2,3.4,3.8,1.91,3.4,4,1.76,3.77,5.24,1.95,3.2,4.2,1.8,3.7,4.8,40,2,1.81,3.88,3.6,5.75,4.63,39,2.05,1.99,1.87,1.82,19,-0.5,2,1.79,2.25,2.1,1.77,3.86,4.98
D1,08/04/18,Dortmund,Stuttgart,3,0,H,1,0,H,18,12,12,6,12,15,5,7,1,4,0,0,1.61,4,5.5,1.6,4,5.75,1.65,4,5,1.6,4,5.25,1.59,4.19,6.3,1.62,3.8,5.5,1.62,4.2,5.4,40,1.67,1.61,4.33,4.05,6.3,5.62,36,1.75,1.68,2.25,2.18,21,-1,2.09,2.03,1.86,1.83,1.52,4.66,6.5
D1,08/04/18,Ein Frankfurt,Hoffenheim,1,1,D,0,0,D,15,10,5,3,13,8,8,3,0,2,0,0,2.39,3.39,3,2.55,3.3,2.8,2.6,3.25,2.75,2.45,3.4,2.75,2.55,3.5,2.88,2.5,3.4,2.7,2.5,3.5,2.8,39,2.63,2.51,3.6,3.41,3,2.81,37,1.85,1.8,2.09,2.02,18,0,1.9,1.81,2.16,2.04,2.33,3.69,3.08
D1,09/04/18,RB Leipzig,Leverkusen,1,4,A,1,1,D,19,13,4,7,8,7,8,9,0,0,0,0,2.29,3.5,3,2.2,3.6,3.1,2.3,3.3,3.15,2.3,3.5,2.9,2.32,3.57,3.18,2.3,3.6,2.88,2.3,3.6,3,36,2.39,2.29,3.66,3.54,3.18,3.02,33,1.75,1.68,2.3,2.18,17,-0.25,2.03,1.99,1.91,1.87,2.18,3.85,3.25
D1,13/04/18,Wolfsburg,Augsburg,0,0,D,0,0,D,17,9,4,2,18,17,7,5,2,4,1,1,2.14,3.29,3.6,2.1,3.3,3.7,2.1,3.4,3.5,2.15,3.2,3.5,2.21,3.37,3.63,2.1,3.25,3.6,2.2,3.3,3.6,40,2.25,2.16,3.44,3.3,3.86,3.55,37,2.25,2.18,1.75,1.68,17,-0.25,1.9,1.86,2.07,2.02,2.26,3.26,3.63
D1,14/04/18,Bayern Munich,M'gladbach,5,1,H,2,1,H,20,4,11,1,9,9,6,0,2,1,0,0,1.33,5.75,8,1.3,5.75,9,1.35,5.5,7.5,1.36,5,8,1.38,5.53,8.31,1.36,5,8,1.36,5.75,7.5,41,1.4,1.35,5.75,5.4,9,8,35,1.43,1.4,3.09,2.92,21,-1.5,2.01,1.97,1.94,1.89,1.35,5.63,9.26
D1,14/04/18,Hertha,FC Koln,2,1,H,0,1,A,13,13,6,2,13,11,6,8,1,3,0,0,1.95,3.6,3.79,2.05,3.4,3.8,2.1,3.4,3.5,1.95,3.4,3.8,1.98,3.65,4.08,2.05,3.75,3.8,1.95,3.75,3.8,40,2.1,1.99,3.75,3.54,4.08,3.8,39,2.03,1.91,1.96,1.88,19,-0.5,1.99,1.96,1.94,1.91,1.82,3.93,4.51
D1,14/04/18,Hoffenheim,Hamburg,2,0,H,2,0,H,21,13,6,5,8,10,7,8,1,2,0,0,1.5,4.33,6.5,1.48,4.6,6.25,1.55,4,6.2,1.5,4.33,6.5,1.5,4.76,6.74,1.5,4.33,6,1.5,4.6,6.5,41,1.55,1.49,4.78,4.51,6.93,6.4,37,1.65,1.6,2.45,2.31,21,-1,1.83,1.78,2.15,2.09,1.52,4.8,6.26
D1,14/04/18,Leverkusen,Ein Frankfurt,4,1,H,1,1,D,11,7,6,1,15,8,2,2,3,4,0,0,1.8,3.79,4.33,1.75,3.75,4.75,1.85,3.5,4.3,1.75,3.6,4.6,1.76,3.89,4.99,1.8,3.5,4.5,1.8,3.8,4.6,41,1.85,1.78,3.89,3.71,4.99,4.58,40,1.89,1.82,2.05,1.98,20,-0.75,2.03,2,1.92,1.86,1.7,4.04,5.29
D1,14/04/18,Stuttgart,Hannover,1,1,D,0,0,D,12,9,5,3,12,11,10,4,1,2,0,0,1.9,3.6,4,1.85,3.5,4.4,1.85,3.5,4.3,1.91,3.4,4,1.95,3.64,4.19,1.83,3.5,4.33,1.95,3.6,4.1,41,2,1.91,3.7,3.54,4.5,4.13,40,2,1.92,1.94,1.88,21,-0.5,1.95,1.92,1.99,1.95,1.79,3.9,4.75
D1,15/04/18,Schalke 04,Dortmund,2,0,H,0,0,D,12,12,3,5,8,9,4,6,1,1,0,0,2.54,3.39,2.7,2.5,3.5,2.75,2.6,3.2,2.8,2.6,3.3,2.65,2.68,3.45,2.77,2.7,3.1,2.7,2.63,3.4,2.75,41,2.74,2.63,3.52,3.36,2.81,2.7,40,1.94,1.87,2,1.93,19,0,1.93,1.89,2.02,1.96,3.14,3.43,2.41
D1,15/04/18,Werder Bremen,RB Leipzig,1,1,D,1,0,H,16,10,6,4,17,13,5,2,2,1,0,0,2.79,3.5,2.45,2.85,3.4,2.45,2.85,3.5,2.4,2.7,3.5,2.45,2.82,3.62,2.54,2.88,3.2,2.5,2.75,3.6,2.5,41,2.91,2.77,3.65,3.49,2.6,2.48,37,1.77,1.71,2.22,2.12,19,0,2.06,2.01,1.9,1.84,2.66,3.64,2.67
D1,16/04/18,Mainz,Freiburg,2,0,H,1,0,H,14,11,3,0,16,10,4,4,1,2,0,0,2.29,3.29,3.2,2.25,3.3,3.3,2.3,3.3,3.15,2.3,3.1,3.3,2.34,3.21,3.49,2.38,3.1,3.1,2.3,3.3,3.3,41,2.39,2.29,3.31,3.19,3.49,3.29,36,2.41,2.29,1.67,1.61,18,-0.25,1.99,1.95,1.95,1.91,2.15,3.27,3.94
D1,20/04/18,M'gladbach,Wolfsburg,3,0,H,3,0,H,16,7,6,2,18,16,8,5,0,2,0,0,1.8,3.79,4.5,1.8,3.7,4.5,1.9,3.5,4.1,1.8,3.6,4.4,1.83,3.75,4.67,1.8,3.75,4.2,1.83,3.75,4.5,40,2,1.82,3.82,3.67,4.74,4.41,39,1.93,1.86,2.02,1.94,19,-0.75,2.09,2.04,1.86,1.83,1.72,4.03,5.06
D1,21/04/18,Dortmund,Leverkusen,4,0,H,1,0,H,17,10,9,2,11,14,7,6,0,0,0,0,2.29,3.5,3,2.3,3.5,3,2.3,3.3,3.15,2.3,3.5,2.9,2.35,3.71,3.03,2.3,3.6,2.88,2.3,3.6,3,39,2.41,2.31,3.75,3.56,3.15,2.97,35,1.66,1.6,2.45,2.32,18,-0.25,2.05,1.99,1.91,1.86,2.16,3.74,3.4
D1,21/04/18,Ein Frankfurt,Hertha,0,3,A,0,0,D,13,4,3,3,9,16,5,0,1,1,1,0,1.95,3.39,4.2,1.91,3.5,4.1,1.8,3.6,4.5,1.9,3.3,4.2,1.93,3.6,4.38,1.95,3.4,4,1.95,3.5,4.2,39,2,1.92,3.6,3.44,4.5,4.19,36,2.12,2.06,1.82,1.75,18,-0.5,1.96,1.92,1.99,1.94,1.97,3.52,4.29
D1,21/04/18,Hamburg,Freiburg,1,0,H,0,0,D,11,11,5,4,12,15,10,4,3,3,0,1,2.04,3.39,3.75,2.05,3.3,3.8,2.1,3.4,3.5,2,3.2,3.9,2.05,3.45,4.06,2.1,3.1,3.8,2.05,3.4,3.8,39,2.12,2.06,3.49,3.31,4.06,3.81,35,2.38,2.23,1.72,1.64,18,-0.25,1.8,1.77,2.19,2.1,2.07,3.49,3.91
D1,21/04/18,Hannover,Bayern Munich,0,3,A,0,0,D,6,14,2,8,11,19,2,7,1,0,0,0,6.25,4.59,1.44,5.5,4.6,1.53,6.5,4.2,1.5,6,4.4,1.5,6.15,4.92,1.52,5.5,4.33,1.53,6,4.6,1.53,41,6.64,5.88,4.92,4.58,1.57,1.51,35,1.5,1.45,2.82,2.69,20,1.25,1.85,1.8,2.16,2.06,7.52,5.2,1.43
D1,21/04/18,RB Leipzig,Hoffenheim,2,5,A,0,3,A,14,12,8,7,7,20,8,4,0,2,1,0,2.04,3.75,3.39,2.05,3.9,3.25,2,3.5,3.7,2,3.8,3.25,2.06,4.12,3.37,2,4,3.25,2.05,4,3.3,40,2.11,2.02,4.12,3.88,5,3.37,34,1.46,1.41,3,2.86,20,-0.25,1.84,1.76,2.76,2.13,2.36,3.89,2.9
D1,21/04/18,Stuttgart,Werder Bremen,2,0,H,1,0,H,11,9,5,3,8,18,3,5,1,2,0,0,2.39,3.29,3,2.4,3.4,2.95,2.3,3.3,3.15,2.45,3.2,2.87,2.45,3.43,3.07,2.38,3.4,2.9,2.45,3.5,2.9,39,2.58,2.42,3.5,3.33,3.15,2.97,38,2.09,2,1.91,1.8,19,-0.25,2.14,2.08,1.83,1.79,2.5,3.4,3.02
D1,22/04/18,Augsburg,Mainz,2,0,H,1,0,H,15,7,6,3,16,18,4,5,4,1,0,0,2.2,3.29,3.39,2.2,3.25,3.5,2.1,3.4,3.5,2.25,3.1,3.3,2.32,3.28,3.45,2.25,3.2,3.3,2.3,3.3,3.3,38,2.37,2.24,3.4,3.24,3.53,3.35,35,2.25,2.16,1.75,1.69,18,-0.25,1.99,1.93,1.96,1.92,2.36,3.31,3.34
D1,22/04/18,FC Koln,Schalke 04,2,2,D,1,2,A,11,21,3,7,9,22,5,7,0,0,0,0,3.75,3.5,2,3.9,3.6,1.95,4.1,3.9,1.8,,,,3.9,3.69,2.01,3.75,3.4,2,3.8,3.6,2,39,4.1,3.79,3.9,3.55,2.06,1.98,38,1.91,1.85,2.05,1.95,17,0.5,1.93,1.89,2.01,1.97,3.67,3.44,2.16
D1,27/04/18,Hoffenheim,Hannover,3,1,H,1,1,D,16,13,6,4,21,11,7,4,3,1,0,0,1.28,6,9.5,1.3,5.75,9,1.3,5.5,9.5,1.28,5.75,10,1.3,6.43,9.91,1.3,6,8,1.29,6,10.5,41,1.32,1.29,6.5,5.99,10.6,9.58,35,1.39,1.35,3.5,3.18,20,-1.75,1.99,1.94,1.96,1.91,1.3,6.44,10
D1,28/04/18,Bayern Munich,Ein Frankfurt,4,1,H,1,0,H,12,12,6,3,6,9,1,2,0,0,0,0,1.6,4.33,5.25,1.62,4.2,5.25,1.7,4.2,4.3,1.61,4,5.2,1.62,4.25,5.84,1.67,4,4.75,1.65,4.33,5.2,41,1.7,1.63,4.33,4.13,5.84,5.19,37,1.71,1.64,2.35,2.24,21,-0.75,1.83,1.79,2.15,2.08,2.09,3.53,3.79
D1,28/04/18,Freiburg,FC Koln,3,2,H,1,0,H,12,13,6,3,16,13,2,5,2,4,0,0,2.1,3.39,3.6,2.05,3.5,3.6,2,3.5,3.7,2.1,3.25,3.5,2.15,3.56,3.58,2.05,3.4,3.6,2.15,3.4,3.6,41,2.2,2.11,3.63,3.42,3.7,3.54,38,2.12,2.03,1.83,1.77,19,-0.25,1.86,1.82,2.08,2.03,2.13,3.56,3.65
D1,28/04/18,Hertha,Augsburg,2,2,D,0,1,A,8,12,5,3,9,14,6,3,0,2,0,1,2.04,3.25,3.79,2.15,3.3,3.6,2.1,3.4,3.5,2.1,3.3,3.5,2.09,3.58,3.74,2.15,3.3,3.4,2.15,3.4,3.6,42,2.17,2.09,3.58,3.39,3.8,3.6,40,2.1,2.01,1.88,1.8,21,-0.25,1.86,1.81,2.12,2.05,2.09,3.54,3.79
D1,28/04/18,Leverkusen,Stuttgart,0,1,A,0,0,D,24,4,7,1,13,12,6,2,2,0,0,0,1.39,4.75,8,1.42,4.75,7.5,1.45,4.5,7,1.4,4.6,7.5,1.43,4.98,8.07,1.44,4.2,7.5,1.44,4.8,7.5,42,1.45,1.41,5.09,4.78,8.3,7.5,38,1.6,1.54,2.6,2.44,20,-1.25,1.94,1.9,2,1.96,1.45,5.07,7.28
D1,28/04/18,Schalke 04,M'gladbach,1,1,D,1,1,D,10,10,4,4,11,11,1,1,2,4,1,0,1.85,3.6,4.2,1.87,3.5,4.33,1.85,3.6,4.2,1.83,3.6,4.2,1.88,3.73,4.49,1.85,3.75,4,1.85,3.75,4.4,42,1.91,1.86,3.82,3.65,4.49,4.21,41,1.91,1.84,2.04,1.96,20,-0.5,1.88,1.84,2.08,2.02,1.89,3.85,4.24
D1,28/04/18,Wolfsburg,Hamburg,1,3,A,0,2,A,10,14,1,5,14,17,2,6,3,2,0,0,2.2,3.39,3.29,2.2,3.25,3.5,2.3,3.5,3,2.2,3.1,3.4,2.26,3.38,3.48,2.25,3.2,3.2,2.25,3.4,3.4,42,2.32,2.23,3.5,3.28,3.6,3.38,38,2.28,2.2,1.73,1.66,22,-0.25,1.97,1.92,2.01,1.94,2.35,3.44,3.24
D1,29/04/18,Mainz,RB Leipzig,3,0,H,1,0,H,16,6,9,1,24,9,7,8,2,4,0,1,3.75,3.39,2.04,3.3,3.5,2.15,3.2,3.5,2.2,3.4,3.4,2.05,3.66,3.65,2.1,3.5,3.2,2.15,3.5,3.5,2.15,41,3.75,3.46,3.65,3.51,2.2,2.1,40,1.87,1.81,2.07,2,20,0.25,2.1,2.05,1.86,1.82,3.51,3.75,2.11
D1,29/04/18,Werder Bremen,Dortmund,1,1,D,1,1,D,19,17,6,6,8,9,7,5,1,2,0,0,3.79,3.75,1.9,3.75,3.7,1.95,3.8,3.4,2,3.6,3.7,1.9,3.76,3.86,2,3.75,3.3,2,3.7,3.9,1.95,42,3.82,3.66,3.9,3.74,2.04,1.96,37,1.62,1.57,2.54,2.38,19,0.5,1.96,1.92,2,1.94,4.11,3.94,1.89
D1,05/05/18,Augsburg,Schalke 04,1,2,A,1,2,A,12,15,5,7,13,9,4,4,2,3,0,0,3.6,3.29,2.1,3.4,3.4,2.15,3.4,3.3,2.2,3.5,3.25,2.15,3.77,3.38,2.16,3.5,3.2,2.15,3.5,3.4,2.2,42,3.77,3.52,3.43,3.32,2.24,2.14,40,2.19,2.07,1.83,1.75,21,0.25,2.08,2.01,1.9,1.85,3.11,3.28,2.51
D1,05/05/18,Dortmund,Mainz,1,2,A,1,2,A,12,7,4,5,16,17,4,2,3,3,0,0,1.3,5.5,10,1.3,5.5,9.75,1.35,5.3,8,1.3,5.25,9.5,1.33,5.96,9.6,1.33,5,9,1.33,5.5,9.5,41,1.35,1.32,5.96,5.5,10.5,9.17,35,1.48,1.43,2.9,2.76,21,-1.5,1.94,1.88,2.03,1.98,1.34,5.75,9.45
D1,05/05/18,Ein Frankfurt,Hamburg,3,0,H,1,0,H,14,14,10,4,14,5,3,7,2,0,0,0,1.95,3.5,4,1.95,3.8,3.7,2,3.8,3.4,1.95,3.6,3.7,1.98,3.98,3.71,1.95,3.5,3.75,1.95,3.9,3.75,39,2.02,1.94,4,3.77,4,3.71,39,1.78,1.74,2.2,2.08,20,-0.5,1.98,1.94,1.96,1.93,1.99,3.82,3.83
D1,05/05/18,FC Koln,Bayern Munich,1,3,A,1,0,H,10,16,3,9,11,8,4,7,1,0,0,0,11,6.5,1.25,9.25,6.25,1.28,8,5.3,1.35,10,6.5,1.25,10.73,6.8,1.27,10,6,1.25,10.5,6.5,1.29,42,11.4,10.04,7,6.44,1.35,1.26,35,1.31,1.26,4.1,3.76,20,2,1.9,1.81,2.09,2.04,9.48,6.13,1.31
D1,05/05/18,Hannover,Hertha,3,1,H,3,0,H,11,16,5,2,11,15,4,6,2,4,0,0,2.7,3.39,2.62,2.7,3.4,2.6,2.6,3.3,2.7,2.65,3.25,2.6,2.78,3.41,2.69,2.7,3.2,2.6,2.7,3.4,2.7,42,2.83,2.69,3.45,3.32,2.77,2.64,41,2.01,1.93,1.92,1.87,19,0,1.99,1.94,1.96,1.91,2.68,3.39,2.8
D1,05/05/18,M'gladbach,Freiburg,3,1,H,1,0,H,18,18,5,6,6,8,7,3,0,3,0,0,1.8,3.6,4.75,1.8,3.7,4.4,1.75,3.7,4.6,1.83,3.7,4.2,1.87,3.8,4.4,1.83,3.4,4.5,1.87,3.75,4.33,42,1.91,1.84,3.85,3.69,4.75,4.27,39,1.79,1.73,2.17,2.09,20,-0.75,2.14,2.08,1.84,1.79,2.09,3.5,3.84
D1,05/05/18,RB Leipzig,Wolfsburg,4,1,H,2,0,H,13,10,7,5,11,10,2,5,0,1,0,0,1.61,4,5.5,1.62,4.2,5.25,1.65,4,5,1.61,4,5,1.65,4.24,5.53,1.67,3.75,5,1.65,4.3,5,42,1.7,1.63,4.33,4.1,5.6,5.12,38,1.67,1.63,2.35,2.26,21,-0.75,1.85,1.82,2.1,2.05,1.78,4.03,4.66
D1,05/05/18,Stuttgart,Hoffenheim,2,0,H,1,0,H,5,21,2,7,15,10,1,9,6,1,1,0,3.1,3.75,2.14,3.25,3.6,2.15,3.5,3.4,2.1,3,3.6,2.15,3.21,3.8,2.22,3.25,3.4,2.15,3.1,3.9,2.2,41,3.5,3.13,3.9,3.67,2.27,2.15,36,1.61,1.56,2.51,2.41,20,0.25,2.02,1.94,1.96,1.91,2.98,3.7,2.39
D1,05/05/18,Werder Bremen,Leverkusen,0,0,D,0,0,D,3,9,0,1,14,18,3,1,3,5,0,0,3.79,4,1.85,3.9,3.7,1.91,4,3.6,1.9,3.7,3.9,1.85,3.74,4.29,1.91,3.75,3.6,1.91,3.8,4.1,1.9,42,4,3.75,4.29,3.98,1.94,1.87,36,1.5,1.45,1.79,1.7,20,0.5,2.04,1.99,2.85,2.69,3.92,4.06,1.91
D1,12/05/18,Bayern Munich,Stuttgart,1,4,A,1,2,A,18,7,8,7,10,8,10,0,1,0,0,0,1.16,8,15,1.2,7.25,12,1.2,7,12.5,1.18,7.5,15,1.17,8.03,13.43,1.2,6,15,1.18,8.5,13,41,1.23,1.18,8.8,7.71,15.5,13.01,34,1.25,1.22,4.5,4.16,21,-2,1.83,1.78,2.14,2.08,1.17,9.15,14.62
D1,12/05/18,Freiburg,Augsburg,2,0,H,0,0,D,12,5,3,2,13,17,5,4,1,2,0,0,1.95,3.39,4,2,3.4,3.9,2,3.1,4.3,1.95,3.5,3.7,2.07,3.42,4,2,3.2,4,2.05,3.6,3.7,41,2.11,2,3.6,3.4,4.3,3.85,40,1.94,1.83,2.1,1.97,20,-0.5,2.07,2.01,1.9,1.85,2.05,3.19,4.45
D1,12/05/18,Hamburg,M'gladbach,2,1,H,1,1,D,17,8,8,3,10,7,8,3,3,1,1,0,2.29,3.5,3,2.25,3.8,2.9,2.2,3.7,3,2.3,3.6,2.87,2.35,3.95,2.89,2.3,3.6,2.88,2.3,3.8,3,41,2.39,2.29,3.95,3.71,3,2.9,37,1.63,1.57,2.45,2.36,21,-0.25,2.09,2.01,1.9,1.85,2.29,4.15,2.88
D1,12/05/18,Hertha,RB Leipzig,2,6,A,1,3,A,8,17,4,10,12,11,3,6,1,1,0,0,4.2,3.75,1.85,4.2,3.9,1.8,4.5,3.6,1.8,3.9,3.9,1.8,4.1,4.05,1.87,3.8,4,1.83,4,4.1,1.83,41,4.5,3.99,4.2,3.92,1.9,1.83,35,1.56,1.51,2.69,2.51,18,0.5,2.09,2.04,1.87,1.83,4.34,4.01,1.83
D1,12/05/18,Hoffenheim,Dortmund,3,1,H,1,0,H,12,10,8,4,4,7,2,3,0,0,0,0,2.2,3.79,3,2.2,3.8,3,2.4,3.7,2.7,2.15,4,2.9,2.21,4.16,3.02,2.15,4,2.9,2.2,4,3,41,2.4,2.18,4.25,3.97,3.13,2.95,33,1.36,1.28,3.85,3.56,20,-0.25,1.95,1.91,2.01,1.95,2.27,4.26,2.85
D1,12/05/18,Leverkusen,Hannover,3,2,H,2,0,H,27,11,8,4,9,11,5,2,2,2,0,0,1.19,7,13,1.22,7.25,10.5,1.17,7.5,15,1.22,6.5,12,1.24,7.48,11.4,1.22,6,13,1.22,7,12,41,1.26,1.22,8,6.99,15,11.44,33,1.3,1.26,4,3.73,22,-2,2,1.94,2.02,1.92,1.22,7.64,12.4
D1,12/05/18,Mainz,Werder Bremen,1,2,A,1,1,D,13,14,1,3,10,6,3,7,0,1,0,0,2.29,3.6,3,2.35,3.6,2.9,2.3,3.4,3.05,2.3,3.6,2.87,2.34,3.85,2.96,2.4,3.2,3,2.3,3.8,2.88,41,2.41,2.32,3.9,3.67,3.05,2.89,37,1.61,1.54,2.62,2.43,19,-0.25,2.06,2.02,1.87,1.84,2.6,3.79,2.65
D1,12/05/18,Schalke 04,Ein Frankfurt,1,0,H,1,0,H,11,6,5,2,10,12,4,3,0,2,0,0,2.29,3.5,3,2.45,3.4,2.9,2.5,3.4,2.75,2.35,3.5,2.87,2.44,3.51,3.02,2.4,3.4,2.8,2.45,3.5,2.88,41,2.52,2.41,3.6,3.43,3.09,2.89,37,1.74,1.69,2.24,2.16,20,-0.25,2.13,2.08,1.83,1.79,2.27,3.44,3.4
D1,12/05/18,Wolfsburg,FC Koln,4,1,H,1,1,D,16,6,8,1,12,17,5,10,2,3,0,0,1.64,4,5.25,1.65,4.1,5,1.7,3.5,5.5,1.61,4,4.8,1.65,4.31,5.34,1.67,3.75,5,1.65,4.3,4.8,40,1.7,1.64,4.36,4.11,5.5,4.98,34,1.57,1.52,2.62,2.49,20,-1,2.13,2.07,1.83,1.79,1.65,4.21,5.52
